-- MySQL dump 10.13  Distrib 5.6.17, for Win32 (x86)
--
-- Host: localhost    Database: letien_db
-- ------------------------------------------------------
-- Server version	5.6.22-log

/*!40101 SET @OLD_CHARACTER_SET_CLIENT=@@CHARACTER_SET_CLIENT */;
/*!40101 SET @OLD_CHARACTER_SET_RESULTS=@@CHARACTER_SET_RESULTS */;
/*!40101 SET @OLD_COLLATION_CONNECTION=@@COLLATION_CONNECTION */;
/*!40101 SET NAMES utf8 */;
/*!40103 SET @OLD_TIME_ZONE=@@TIME_ZONE */;
/*!40103 SET TIME_ZONE='+00:00' */;
/*!40014 SET @OLD_UNIQUE_CHECKS=@@UNIQUE_CHECKS, UNIQUE_CHECKS=0 */;
/*!40014 SET @OLD_FOREIGN_KEY_CHECKS=@@FOREIGN_KEY_CHECKS, FOREIGN_KEY_CHECKS=0 */;
/*!40101 SET @OLD_SQL_MODE=@@SQL_MODE, SQL_MODE='NO_AUTO_VALUE_ON_ZERO' */;
/*!40111 SET @OLD_SQL_NOTES=@@SQL_NOTES, SQL_NOTES=0 */;

--
-- Table structure for table `advancepayment`
--

DROP TABLE IF EXISTS `advancepayment`;
/*!40101 SET @saved_cs_client     = @@character_set_client */;
/*!40101 SET character_set_client = utf8 */;
CREATE TABLE `advancepayment` (
  `OID` int(11) NOT NULL AUTO_INCREMENT,
  `NgayTamUng` datetime DEFAULT NULL,
  `NhanVien` int(11) DEFAULT NULL,
  `SoTien` double DEFAULT NULL,
  `ThangTamUng` datetime DEFAULT NULL,
  `MaPhieuTamUng` varchar(100) DEFAULT NULL,
  `OptimisticLockField` int(11) DEFAULT NULL,
  `GCRecord` int(11) DEFAULT NULL,
  PRIMARY KEY (`OID`),
  KEY `iGCRecord_AdvancePayment` (`GCRecord`),
  KEY `iNhanVien_AdvancePayment` (`NhanVien`),
  CONSTRAINT `FK_AdvancePayment_NhanVien` FOREIGN KEY (`NhanVien`) REFERENCES `employee` (`OID`)
) ENGINE=InnoDB AUTO_INCREMENT=4 DEFAULT CHARSET=utf8;
/*!40101 SET character_set_client = @saved_cs_client */;

--
-- Dumping data for table `advancepayment`
--

LOCK TABLES `advancepayment` WRITE;
/*!40000 ALTER TABLE `advancepayment` DISABLE KEYS */;
INSERT INTO `advancepayment` VALUES (1,'2015-04-02 00:00:00',2,550000,NULL,NULL,9,NULL),(2,'2015-03-11 00:00:00',1,500000,NULL,NULL,3,NULL),(3,'2015-03-12 00:00:00',2,500000,'2015-04-15 00:00:00',NULL,3,NULL);
/*!40000 ALTER TABLE `advancepayment` ENABLE KEYS */;
UNLOCK TABLES;

--
-- Table structure for table `branch`
--

DROP TABLE IF EXISTS `branch`;
/*!40101 SET @saved_cs_client     = @@character_set_client */;
/*!40101 SET character_set_client = utf8 */;
CREATE TABLE `branch` (
  `OID` int(11) NOT NULL AUTO_INCREMENT,
  `BranchID` varchar(100) DEFAULT NULL,
  `BranchName` varchar(100) DEFAULT NULL,
  `BranchAddress` varchar(100) DEFAULT NULL,
  `PhoneNumber` varchar(100) DEFAULT NULL,
  `OptimisticLockField` int(11) DEFAULT NULL,
  `GCRecord` int(11) DEFAULT NULL,
  PRIMARY KEY (`OID`),
  UNIQUE KEY `iBranchID_Branch` (`BranchID`),
  KEY `iGCRecord_Branch` (`GCRecord`)
) ENGINE=InnoDB AUTO_INCREMENT=3 DEFAULT CHARSET=utf8;
/*!40101 SET character_set_client = @saved_cs_client */;

--
-- Dumping data for table `branch`
--

LOCK TABLES `branch` WRITE;
/*!40000 ALTER TABLE `branch` DISABLE KEYS */;
INSERT INTO `branch` VALUES (1,'DN','Đà Nẳng','TP Đà Nẳng','0163258962',0,NULL),(2,'HCM','Hồ Chí Minh','TP Hồ Chí Minh','08662662',0,NULL);
/*!40000 ALTER TABLE `branch` ENABLE KEYS */;
UNLOCK TABLES;

--
-- Table structure for table `chamcong`
--

DROP TABLE IF EXISTS `chamcong`;
/*!40101 SET @saved_cs_client     = @@character_set_client */;
/*!40101 SET character_set_client = utf8 */;
CREATE TABLE `chamcong` (
  `OID` int(11) NOT NULL AUTO_INCREMENT,
  `TenBangChamCong` varchar(100) DEFAULT NULL,
  `NhanVien` int(11) DEFAULT NULL,
  `Thang` datetime DEFAULT NULL,
  `LoaiDuLieuChamCong` int(11) DEFAULT NULL,
  `KetQua` varchar(100) DEFAULT NULL,
  `HieuSuat` varchar(100) DEFAULT NULL,
  `Ngay1` varchar(100) DEFAULT NULL,
  `Ngay2` varchar(100) DEFAULT NULL,
  `Ngay3` varchar(100) DEFAULT NULL,
  `Ngay4` varchar(100) DEFAULT NULL,
  `Ngay5` varchar(100) DEFAULT NULL,
  `Ngay6` varchar(100) DEFAULT NULL,
  `Ngay7` varchar(100) DEFAULT NULL,
  `Ngay8` varchar(100) DEFAULT NULL,
  `Ngay9` varchar(100) DEFAULT NULL,
  `Ngay10` varchar(100) DEFAULT NULL,
  `Ngay11` varchar(100) DEFAULT NULL,
  `Ngay12` varchar(100) DEFAULT NULL,
  `Ngay13` varchar(100) DEFAULT NULL,
  `Ngay14` varchar(100) DEFAULT NULL,
  `Ngay15` varchar(100) DEFAULT NULL,
  `Ngay16` varchar(100) DEFAULT NULL,
  `Ngay17` varchar(100) DEFAULT NULL,
  `Ngay18` varchar(100) DEFAULT NULL,
  `Ngay19` varchar(100) DEFAULT NULL,
  `Ngay20` varchar(100) DEFAULT NULL,
  `Ngay21` varchar(100) DEFAULT NULL,
  `Ngay22` varchar(100) DEFAULT NULL,
  `Ngay23` varchar(100) DEFAULT NULL,
  `Ngay24` varchar(100) DEFAULT NULL,
  `Ngay25` varchar(100) DEFAULT NULL,
  `Ngay26` varchar(100) DEFAULT NULL,
  `Ngay27` varchar(100) DEFAULT NULL,
  `Ngay28` varchar(100) DEFAULT NULL,
  `Ngay29` varchar(100) DEFAULT NULL,
  `Ngay30` varchar(100) DEFAULT NULL,
  `Ngay31` varchar(100) DEFAULT NULL,
  `OptimisticLockField` int(11) DEFAULT NULL,
  `GCRecord` int(11) DEFAULT NULL,
  PRIMARY KEY (`OID`),
  KEY `iGCRecord_ChamCong` (`GCRecord`),
  KEY `iNhanVien_ChamCong` (`NhanVien`),
  KEY `iLoaiDuLieuChamCong_ChamCong` (`LoaiDuLieuChamCong`),
  CONSTRAINT `FK_ChamCong_LoaiDuLieuChamCong` FOREIGN KEY (`LoaiDuLieuChamCong`) REFERENCES `loaidulieuchamcong` (`OID`),
  CONSTRAINT `FK_ChamCong_NhanVien` FOREIGN KEY (`NhanVien`) REFERENCES `employee` (`OID`)
) ENGINE=InnoDB AUTO_INCREMENT=591 DEFAULT CHARSET=utf8;
/*!40101 SET character_set_client = @saved_cs_client */;

--
-- Dumping data for table `chamcong`
--

LOCK TABLES `chamcong` WRITE;
/*!40000 ALTER TABLE `chamcong` DISABLE KEYS */;
INSERT INTO `chamcong` VALUES (581,NULL,2,'2015-04-30 00:00:00',1,'2 Ngày',NULL,'4/18/2015 10:43:00 AM','4/18/2015 7:43:00 PM',NULL,NULL,NULL,NULL,NULL,NULL,NULL,NULL,NULL,NULL,NULL,NULL,NULL,NULL,NULL,NULL,NULL,NULL,NULL,NULL,NULL,NULL,NULL,NULL,NULL,NULL,NULL,NULL,NULL,27,NULL),(582,NULL,2,'2015-04-30 00:00:00',2,'0 Phút',NULL,'4/18/2015 7:43:00 PM','4/18/2015 2:44:00 AM',NULL,NULL,NULL,NULL,NULL,NULL,NULL,NULL,NULL,NULL,NULL,NULL,NULL,NULL,NULL,NULL,NULL,NULL,NULL,NULL,NULL,NULL,NULL,NULL,NULL,NULL,NULL,NULL,NULL,27,NULL),(583,NULL,2,'2015-04-30 00:00:00',3,'0 Giờ',NULL,NULL,NULL,NULL,NULL,NULL,NULL,NULL,NULL,NULL,NULL,NULL,NULL,NULL,NULL,NULL,NULL,NULL,NULL,NULL,NULL,NULL,NULL,NULL,NULL,NULL,NULL,NULL,NULL,NULL,NULL,NULL,25,NULL),(584,NULL,2,'2015-04-30 00:00:00',4,'7 Giờ',NULL,'1','1','1',NULL,NULL,NULL,NULL,NULL,NULL,NULL,NULL,NULL,NULL,NULL,'1',NULL,'1','1',NULL,'1',NULL,NULL,NULL,NULL,NULL,NULL,NULL,NULL,NULL,NULL,NULL,27,NULL),(585,NULL,2,'2015-04-30 00:00:00',5,'2 Giờ',NULL,'1','1',NULL,NULL,NULL,NULL,NULL,NULL,NULL,NULL,NULL,NULL,NULL,NULL,NULL,NULL,NULL,NULL,NULL,NULL,NULL,NULL,NULL,NULL,NULL,NULL,NULL,NULL,NULL,NULL,NULL,27,NULL),(586,NULL,1,'2015-04-30 00:00:00',1,'2 Ngày',NULL,'4/18/2015 9:36:00 AM','4/18/2015 5:36:00 AM',NULL,NULL,NULL,NULL,NULL,NULL,NULL,NULL,NULL,NULL,NULL,NULL,NULL,NULL,NULL,NULL,NULL,NULL,NULL,NULL,NULL,NULL,NULL,NULL,NULL,NULL,NULL,NULL,NULL,28,NULL),(587,NULL,1,'2015-04-30 00:00:00',2,'85 Phút',NULL,'4/18/2015 3:35:00 PM','4/18/2015 6:36:00 PM',NULL,NULL,NULL,NULL,NULL,NULL,NULL,NULL,NULL,NULL,NULL,NULL,NULL,NULL,NULL,NULL,NULL,NULL,NULL,NULL,NULL,NULL,NULL,NULL,NULL,NULL,NULL,NULL,NULL,28,NULL),(588,NULL,1,'2015-04-30 00:00:00',3,'0 Giờ',NULL,NULL,NULL,NULL,NULL,NULL,NULL,NULL,NULL,NULL,NULL,NULL,NULL,NULL,NULL,NULL,NULL,NULL,NULL,NULL,NULL,NULL,NULL,NULL,NULL,NULL,NULL,NULL,NULL,NULL,NULL,NULL,25,NULL),(589,NULL,1,'2015-04-30 00:00:00',4,'5 Giờ',NULL,'1','1','3',NULL,NULL,NULL,NULL,NULL,NULL,NULL,NULL,NULL,NULL,NULL,NULL,NULL,NULL,NULL,NULL,NULL,NULL,NULL,NULL,NULL,NULL,NULL,NULL,NULL,NULL,NULL,NULL,27,NULL),(590,NULL,1,'2015-04-30 00:00:00',5,'0 Giờ',NULL,NULL,NULL,NULL,NULL,NULL,NULL,NULL,NULL,NULL,NULL,NULL,NULL,NULL,NULL,NULL,NULL,NULL,NULL,NULL,NULL,NULL,NULL,NULL,NULL,NULL,NULL,NULL,NULL,NULL,NULL,NULL,25,NULL);
/*!40000 ALTER TABLE `chamcong` ENABLE KEYS */;
UNLOCK TABLES;

--
-- Table structure for table `chitiettienluong`
--

DROP TABLE IF EXISTS `chitiettienluong`;
/*!40101 SET @saved_cs_client     = @@character_set_client */;
/*!40101 SET character_set_client = utf8 */;
CREATE TABLE `chitiettienluong` (
  `OID` int(11) NOT NULL AUTO_INCREMENT,
  `Thang` datetime DEFAULT NULL,
  `NhanVien` int(11) DEFAULT NULL,
  `LoaiDLTinhLuong` int(11) DEFAULT NULL,
  `GiaTri` double DEFAULT NULL,
  `OptimisticLockField` int(11) DEFAULT NULL,
  `GCRecord` int(11) DEFAULT NULL,
  `STT` bigint(20) DEFAULT NULL,
  PRIMARY KEY (`OID`),
  KEY `iGCRecord_ChiTietTienLuong` (`GCRecord`),
  KEY `iNhanVien_ChiTietTienLuong` (`NhanVien`),
  KEY `iLoaiDLTinhLuong_ChiTietTienLuong` (`LoaiDLTinhLuong`),
  CONSTRAINT `FK_ChiTietTienLuong_LoaiDLTinhLuong` FOREIGN KEY (`LoaiDLTinhLuong`) REFERENCES `loaidulieutinhluong` (`OID`),
  CONSTRAINT `FK_ChiTietTienLuong_NhanVien` FOREIGN KEY (`NhanVien`) REFERENCES `employee` (`OID`)
) ENGINE=InnoDB AUTO_INCREMENT=620 DEFAULT CHARSET=utf8;
/*!40101 SET character_set_client = @saved_cs_client */;

--
-- Dumping data for table `chitiettienluong`
--

LOCK TABLES `chitiettienluong` WRITE;
/*!40000 ALTER TABLE `chitiettienluong` DISABLE KEYS */;
INSERT INTO `chitiettienluong` VALUES (1,NULL,2,2,5656565,18,NULL,NULL),(2,'2015-03-16 00:00:00',1,1,100002563,15,NULL,NULL),(3,'2015-03-16 00:00:00',1,2,0,13,NULL,NULL),(4,'2015-03-16 00:00:00',1,3,0,13,NULL,NULL),(5,'2015-03-16 00:00:00',1,4,0,13,NULL,NULL),(6,'2015-01-16 00:00:00',1,5,0,14,NULL,NULL),(7,'2015-03-16 00:00:00',1,6,0,13,NULL,NULL),(8,'2015-03-16 00:00:00',1,7,0,13,NULL,NULL),(9,'2015-03-16 00:00:00',1,8,0,13,NULL,NULL),(10,'2015-03-16 00:00:00',1,9,0,13,NULL,NULL),(11,'2015-03-16 00:00:00',1,10,0,13,NULL,NULL),(12,'2015-03-16 00:00:00',1,11,0,13,NULL,NULL),(13,'2015-03-16 00:00:00',1,12,0,13,NULL,NULL),(14,'2015-03-16 00:00:00',1,13,0,13,NULL,NULL),(15,'2015-03-16 00:00:00',1,14,0,13,NULL,NULL),(16,'2015-03-16 00:00:00',1,15,0,13,NULL,NULL),(17,'2015-03-16 00:00:00',1,16,0,13,NULL,NULL),(18,'2015-03-16 00:00:00',1,17,0,13,NULL,NULL),(19,'2015-03-16 00:00:00',1,18,0,13,NULL,NULL),(20,'2015-03-16 00:00:00',1,19,0,13,NULL,NULL),(21,'2015-03-16 00:00:00',1,20,0,13,NULL,NULL),(22,'2015-03-16 00:00:00',1,21,0,13,NULL,NULL),(23,'2015-03-16 00:00:00',1,22,0,13,NULL,NULL),(24,'2015-03-16 00:00:00',1,23,0,13,NULL,NULL),(25,'2015-03-16 00:00:00',1,24,0,13,NULL,NULL),(26,'2015-03-16 00:00:00',1,25,0,13,NULL,NULL),(27,'2015-03-16 00:00:00',1,26,0,13,NULL,NULL),(28,'2015-03-16 00:00:00',1,27,0,13,NULL,NULL),(29,'2015-03-16 00:00:00',1,28,0,13,NULL,NULL),(30,'2015-03-16 00:00:00',2,1,0,13,NULL,NULL),(31,'2015-03-16 00:00:00',2,2,0,13,NULL,NULL),(32,'2015-03-16 00:00:00',2,3,0,13,NULL,NULL),(33,'2015-03-16 00:00:00',2,4,0,13,NULL,NULL),(34,'2015-03-16 00:00:00',2,5,0,13,NULL,NULL),(35,'2015-03-16 00:00:00',2,6,0,13,NULL,NULL),(36,'2015-03-16 00:00:00',2,7,0,13,NULL,NULL),(37,'2015-03-16 00:00:00',2,8,0,13,NULL,NULL),(38,'2015-03-16 00:00:00',2,9,0,13,NULL,NULL),(39,'2015-03-16 00:00:00',2,10,0,13,NULL,NULL),(40,'2015-03-16 00:00:00',2,11,0,13,NULL,NULL),(41,'2015-03-16 00:00:00',2,12,0,13,NULL,NULL),(42,'2015-03-16 00:00:00',2,13,0,13,NULL,NULL),(43,'2015-03-16 00:00:00',2,14,0,13,NULL,NULL),(44,'2015-03-16 00:00:00',2,15,0,13,NULL,NULL),(45,'2015-03-16 00:00:00',2,16,0,13,NULL,NULL),(46,'2015-03-16 00:00:00',2,17,0,13,NULL,NULL),(47,'2015-03-16 00:00:00',2,18,0,13,NULL,NULL),(48,'2015-03-16 00:00:00',2,19,0,13,NULL,NULL),(49,'2015-03-16 00:00:00',2,20,0,13,NULL,NULL),(50,'2015-03-16 00:00:00',2,21,0,13,NULL,NULL),(51,'2015-03-16 00:00:00',2,22,0,13,NULL,NULL),(52,'2015-03-16 00:00:00',2,23,0,13,NULL,NULL),(53,'2015-03-16 00:00:00',2,24,0,13,NULL,NULL),(54,'2015-03-16 00:00:00',2,25,0,13,NULL,NULL),(55,'2015-03-16 00:00:00',2,26,0,13,NULL,NULL),(56,'2015-03-16 00:00:00',2,27,0,13,NULL,NULL),(57,'2015-03-16 00:00:00',2,28,0,13,NULL,NULL),(58,'2015-03-16 00:00:00',1,1,0,12,NULL,NULL),(59,'2015-03-16 00:00:00',1,2,0,12,NULL,NULL),(60,'2015-03-16 00:00:00',1,3,0,12,NULL,NULL),(61,'2015-03-16 00:00:00',1,4,0,12,NULL,NULL),(62,'2015-03-16 00:00:00',1,5,0,12,NULL,NULL),(63,'2015-03-16 00:00:00',1,6,0,12,NULL,NULL),(64,'2015-03-16 00:00:00',1,7,0,12,NULL,NULL),(65,'2015-03-16 00:00:00',1,8,0,12,NULL,NULL),(66,'2015-03-16 00:00:00',1,9,0,12,NULL,NULL),(67,'2015-03-16 00:00:00',1,10,0,12,NULL,NULL),(68,'2015-03-16 00:00:00',1,11,0,12,NULL,NULL),(69,'2015-03-16 00:00:00',1,12,0,12,NULL,NULL),(70,'2015-03-16 00:00:00',1,13,0,12,NULL,NULL),(71,'2015-03-16 00:00:00',1,14,0,12,NULL,NULL),(72,'2015-03-16 00:00:00',1,15,0,12,NULL,NULL),(73,'2015-03-16 00:00:00',1,16,0,12,NULL,NULL),(74,'2015-03-16 00:00:00',1,17,0,12,NULL,NULL),(75,'2015-03-16 00:00:00',1,18,0,12,NULL,NULL),(76,'2015-03-16 00:00:00',1,19,0,12,NULL,NULL),(77,'2015-03-16 00:00:00',1,20,0,12,NULL,NULL),(78,'2015-03-16 00:00:00',1,21,0,12,NULL,NULL),(79,'2015-03-16 00:00:00',1,22,0,12,NULL,NULL),(80,'2015-03-16 00:00:00',1,23,0,12,NULL,NULL),(81,'2015-03-16 00:00:00',1,24,0,12,NULL,NULL),(82,'2015-03-16 00:00:00',1,25,0,12,NULL,NULL),(83,'2015-03-16 00:00:00',1,26,0,12,NULL,NULL),(84,'2015-03-16 00:00:00',1,27,0,12,NULL,NULL),(85,'2015-03-16 00:00:00',1,28,0,12,NULL,NULL),(86,'2015-03-16 00:00:00',2,1,0,12,NULL,NULL),(87,'2015-03-16 00:00:00',2,2,0,12,NULL,NULL),(88,'2015-03-16 00:00:00',2,3,0,12,NULL,NULL),(89,'2015-03-16 00:00:00',2,4,0,12,NULL,NULL),(90,'2015-03-16 00:00:00',2,5,0,12,NULL,NULL),(91,'2015-03-16 00:00:00',2,6,0,12,NULL,NULL),(92,'2015-03-16 00:00:00',2,7,0,12,NULL,NULL),(93,'2015-03-16 00:00:00',2,8,0,12,NULL,NULL),(94,'2015-03-16 00:00:00',2,9,0,12,NULL,NULL),(95,'2015-03-16 00:00:00',2,10,0,12,NULL,NULL),(96,'2015-03-16 00:00:00',2,11,0,12,NULL,NULL),(97,'2015-03-16 00:00:00',2,12,0,12,NULL,NULL),(98,'2015-03-16 00:00:00',2,13,0,12,NULL,NULL),(99,'2015-03-16 00:00:00',2,14,0,12,NULL,NULL),(100,'2015-03-16 00:00:00',2,15,0,12,NULL,NULL),(101,'2015-03-16 00:00:00',2,16,0,12,NULL,NULL),(102,'2015-03-16 00:00:00',2,17,0,12,NULL,NULL),(103,'2015-03-16 00:00:00',2,18,0,12,NULL,NULL),(104,'2015-03-16 00:00:00',2,19,0,12,NULL,NULL),(105,'2015-03-16 00:00:00',2,20,0,12,NULL,NULL),(106,'2015-03-16 00:00:00',2,21,0,12,NULL,NULL),(107,'2015-03-16 00:00:00',2,22,0,12,NULL,NULL),(108,'2015-03-16 00:00:00',2,23,0,12,NULL,NULL),(109,'2015-03-16 00:00:00',2,24,0,12,NULL,NULL),(110,'2015-03-16 00:00:00',2,25,0,12,NULL,NULL),(111,'2015-03-16 00:00:00',2,26,0,12,NULL,NULL),(112,'2015-03-16 00:00:00',2,27,0,12,NULL,NULL),(113,'2015-03-16 00:00:00',2,28,0,12,NULL,NULL),(114,'2015-03-16 00:00:00',1,1,0,6,NULL,NULL),(115,'2015-03-16 00:00:00',1,26,0,5,NULL,NULL),(116,'2015-03-16 00:00:00',1,25,0,5,NULL,NULL),(117,'2015-03-16 00:00:00',1,24,0,5,NULL,NULL),(118,'2015-03-16 00:00:00',1,21,0,5,NULL,NULL),(119,'2015-03-16 00:00:00',1,20,0,5,NULL,NULL),(120,'2015-03-16 00:00:00',1,16,0,5,NULL,NULL),(121,'2015-03-16 00:00:00',1,15,0,5,NULL,NULL),(122,'2015-03-16 00:00:00',1,27,0,5,NULL,NULL),(123,'2015-03-16 00:00:00',1,13,0,5,NULL,NULL),(124,'2015-03-16 00:00:00',1,12,0,5,NULL,NULL),(125,'2015-03-16 00:00:00',1,14,0,5,NULL,NULL),(126,'2015-03-16 00:00:00',1,10,0,5,NULL,NULL),(127,'2015-03-16 00:00:00',1,9,0,5,NULL,NULL),(128,'2015-03-16 00:00:00',1,8,0,5,NULL,NULL),(129,'2015-03-16 00:00:00',1,7,0,5,NULL,NULL),(130,'2015-03-16 00:00:00',1,6,0,5,NULL,NULL),(131,'2015-03-16 00:00:00',1,5,0,5,NULL,NULL),(132,'2015-03-16 00:00:00',1,4,0,5,NULL,NULL),(133,'2015-03-16 00:00:00',1,3,0,5,NULL,NULL),(134,'2015-03-16 00:00:00',1,2,0,5,NULL,NULL),(135,'2015-03-16 00:00:00',1,11,0,5,NULL,NULL),(136,'2015-03-16 00:00:00',1,28,0,5,NULL,NULL),(137,'2015-03-16 00:00:00',1,17,0,5,NULL,NULL),(138,'2015-03-16 00:00:00',1,18,0,5,NULL,NULL),(139,'2015-03-16 00:00:00',1,19,0,5,NULL,NULL),(140,'2015-03-16 00:00:00',1,22,0,5,NULL,NULL),(141,'2015-03-16 00:00:00',1,23,0,5,NULL,NULL),(142,'2015-03-16 00:00:00',2,1,0,5,NULL,NULL),(143,'2015-03-16 00:00:00',2,26,0,5,NULL,NULL),(144,'2015-03-16 00:00:00',2,25,0,5,NULL,NULL),(145,'2015-03-16 00:00:00',2,24,0,5,NULL,NULL),(146,'2015-03-16 00:00:00',2,21,0,5,NULL,NULL),(147,'2015-03-16 00:00:00',2,20,0,5,NULL,NULL),(148,'2015-03-16 00:00:00',2,16,0,5,NULL,NULL),(149,'2015-03-16 00:00:00',2,15,0,5,NULL,NULL),(150,'2015-03-16 00:00:00',2,27,0,5,NULL,NULL),(151,'2015-03-16 00:00:00',2,13,0,5,NULL,NULL),(152,'2015-03-16 00:00:00',2,12,0,5,NULL,NULL),(153,'2015-03-16 00:00:00',2,14,0,5,NULL,NULL),(154,'2015-03-16 00:00:00',2,10,0,5,NULL,NULL),(155,'2015-03-16 00:00:00',2,9,0,5,NULL,NULL),(156,'2015-03-16 00:00:00',2,8,0,5,NULL,NULL),(157,'2015-03-16 00:00:00',2,7,0,5,NULL,NULL),(158,'2015-03-16 00:00:00',2,6,0,5,NULL,NULL),(159,'2015-03-16 00:00:00',2,5,0,5,NULL,NULL),(160,'2015-03-16 00:00:00',2,4,0,5,NULL,NULL),(161,'2015-03-16 00:00:00',2,3,0,5,NULL,NULL),(162,'2015-03-16 00:00:00',2,2,0,5,NULL,NULL),(163,'2015-03-16 00:00:00',2,11,0,5,NULL,NULL),(164,'2015-03-16 00:00:00',2,28,0,5,NULL,NULL),(165,'2015-03-16 00:00:00',2,17,0,5,NULL,NULL),(166,'2015-03-16 00:00:00',2,18,0,5,NULL,NULL),(167,'2015-03-16 00:00:00',2,19,0,5,NULL,NULL),(168,'2015-03-16 00:00:00',2,22,0,5,NULL,NULL),(169,'2015-03-16 00:00:00',2,23,0,5,NULL,NULL),(170,'2015-03-16 00:00:00',1,1,0,6,NULL,NULL),(171,'2015-03-16 00:00:00',1,26,0,5,NULL,NULL),(172,'2015-03-16 00:00:00',1,25,0,5,NULL,NULL),(173,'2015-03-16 00:00:00',1,24,0,5,NULL,NULL),(174,'2015-03-16 00:00:00',1,21,0,5,NULL,NULL),(175,'2015-03-16 00:00:00',1,20,0,5,NULL,NULL),(176,'2015-03-16 00:00:00',1,16,0,5,NULL,NULL),(177,'2015-03-16 00:00:00',1,15,0,5,NULL,NULL),(178,'2015-03-16 00:00:00',1,27,0,5,NULL,NULL),(179,'2015-03-16 00:00:00',1,13,0,5,NULL,NULL),(180,'2015-03-16 00:00:00',1,12,0,5,NULL,NULL),(181,'2015-03-16 00:00:00',1,14,0,5,NULL,NULL),(182,'2015-03-16 00:00:00',1,10,0,5,NULL,NULL),(183,'2015-03-16 00:00:00',1,9,0,5,NULL,NULL),(184,'2015-03-16 00:00:00',1,8,0,5,NULL,NULL),(185,'2015-03-16 00:00:00',1,7,0,5,NULL,NULL),(186,'2015-03-16 00:00:00',1,6,0,5,NULL,NULL),(187,'2015-03-16 00:00:00',1,5,0,5,NULL,NULL),(188,'2015-03-16 00:00:00',1,4,0,5,NULL,NULL),(189,'2015-03-16 00:00:00',1,3,0,5,NULL,NULL),(190,'2015-03-16 00:00:00',1,2,0,5,NULL,NULL),(191,'2015-03-16 00:00:00',1,11,0,5,NULL,NULL),(192,'2015-03-16 00:00:00',1,28,0,5,NULL,NULL),(193,'2015-03-16 00:00:00',1,17,0,5,NULL,NULL),(194,'2015-03-16 00:00:00',1,18,0,5,NULL,NULL),(195,'2015-03-16 00:00:00',1,19,0,5,NULL,NULL),(196,'2015-03-16 00:00:00',1,22,0,5,NULL,NULL),(197,'2015-03-16 00:00:00',1,23,0,5,NULL,NULL),(198,'2015-03-16 00:00:00',2,1,0,5,NULL,NULL),(199,'2015-03-16 00:00:00',2,26,0,5,NULL,NULL),(200,'2015-03-16 00:00:00',2,25,0,5,NULL,NULL),(201,'2015-03-16 00:00:00',2,24,0,5,NULL,NULL),(202,'2015-03-16 00:00:00',2,21,0,5,NULL,NULL),(203,'2015-03-16 00:00:00',2,20,0,5,NULL,NULL),(204,'2015-03-16 00:00:00',2,16,0,5,NULL,NULL),(205,'2015-03-16 00:00:00',2,15,0,5,NULL,NULL),(206,'2015-03-16 00:00:00',2,27,0,5,NULL,NULL),(207,'2015-03-16 00:00:00',2,13,0,5,NULL,NULL),(208,'2015-03-16 00:00:00',2,12,0,5,NULL,NULL),(209,'2015-03-16 00:00:00',2,14,0,5,NULL,NULL),(210,'2015-03-16 00:00:00',2,10,0,5,NULL,NULL),(211,'2015-03-16 00:00:00',2,9,0,5,NULL,NULL),(212,'2015-03-16 00:00:00',2,8,0,5,NULL,NULL),(213,'2015-03-16 00:00:00',2,7,0,5,NULL,NULL),(214,'2015-03-16 00:00:00',2,6,0,5,NULL,NULL),(215,'2015-03-16 00:00:00',2,5,0,5,NULL,NULL),(216,'2015-03-16 00:00:00',2,4,0,5,NULL,NULL),(217,'2015-03-16 00:00:00',2,3,0,5,NULL,NULL),(218,'2015-03-16 00:00:00',2,2,0,5,NULL,NULL),(219,'2015-03-16 00:00:00',2,11,0,5,NULL,NULL),(220,'2015-03-16 00:00:00',2,28,0,5,NULL,NULL),(221,'2015-03-16 00:00:00',2,17,0,5,NULL,NULL),(222,'2015-03-16 00:00:00',2,18,0,5,NULL,NULL),(223,'2015-03-16 00:00:00',2,19,0,5,NULL,NULL),(224,'2015-03-16 00:00:00',2,22,0,5,NULL,NULL),(225,'2015-03-16 00:00:00',2,23,0,5,NULL,NULL),(226,'2015-03-16 00:00:00',1,1,100000,7,NULL,NULL),(227,'2015-03-16 00:00:00',1,26,0,6,NULL,NULL),(228,'2015-03-16 00:00:00',1,25,0,6,NULL,NULL),(229,'2015-03-16 00:00:00',1,24,0,6,NULL,NULL),(230,'2015-03-16 00:00:00',1,21,0,6,NULL,NULL),(231,'2015-03-16 00:00:00',1,20,0,6,NULL,NULL),(232,'2015-03-16 00:00:00',1,16,0,6,NULL,NULL),(233,'2015-03-16 00:00:00',1,15,0,6,NULL,NULL),(234,'2015-03-16 00:00:00',1,27,0,6,NULL,NULL),(235,'2015-03-16 00:00:00',1,13,0,6,NULL,NULL),(236,'2015-03-16 00:00:00',1,12,0,6,NULL,NULL),(237,'2015-03-16 00:00:00',1,14,0,6,NULL,NULL),(238,'2015-03-16 00:00:00',1,10,0,6,NULL,NULL),(239,'2015-03-16 00:00:00',1,9,0,6,NULL,NULL),(240,'2015-03-16 00:00:00',1,8,0,6,NULL,NULL),(241,'2015-03-16 00:00:00',1,7,0,6,NULL,NULL),(242,'2015-03-16 00:00:00',1,6,0,6,NULL,NULL),(243,'2015-03-16 00:00:00',1,5,0,6,NULL,NULL),(244,'2015-03-16 00:00:00',1,4,5550,6,NULL,NULL),(245,'2015-03-16 00:00:00',1,3,0,6,NULL,NULL),(246,'2015-03-16 00:00:00',1,2,0,6,NULL,NULL),(247,'2015-03-16 00:00:00',1,11,0,6,NULL,NULL),(248,'2015-03-16 00:00:00',1,28,0,6,NULL,NULL),(249,'2015-03-16 00:00:00',1,17,0,6,NULL,NULL),(250,'2015-03-16 00:00:00',1,18,60000,6,NULL,NULL),(251,'2015-03-16 00:00:00',1,19,90000,6,NULL,NULL),(252,'2015-03-16 00:00:00',1,22,21000,6,NULL,NULL),(253,'2015-03-16 00:00:00',1,23,1000,6,NULL,NULL),(254,'2015-03-16 00:00:00',2,1,100000,6,NULL,NULL),(255,'2015-03-16 00:00:00',2,26,0,6,NULL,NULL),(256,'2015-03-16 00:00:00',2,25,0,6,NULL,NULL),(257,'2015-03-16 00:00:00',2,24,0,6,NULL,NULL),(258,'2015-03-16 00:00:00',2,21,0,6,NULL,NULL),(259,'2015-03-16 00:00:00',2,20,0,6,NULL,NULL),(260,'2015-03-16 00:00:00',2,16,0,6,NULL,NULL),(261,'2015-03-16 00:00:00',2,15,0,6,NULL,NULL),(262,'2015-03-16 00:00:00',2,27,0,6,NULL,NULL),(263,'2015-03-16 00:00:00',2,13,0,6,NULL,NULL),(264,'2015-03-16 00:00:00',2,12,0,6,NULL,NULL),(265,'2015-03-16 00:00:00',2,14,0,6,NULL,NULL),(266,'2015-03-16 00:00:00',2,10,0,6,NULL,NULL),(267,'2015-03-16 00:00:00',2,9,0,6,NULL,NULL),(268,'2015-03-16 00:00:00',2,8,0,6,NULL,NULL),(269,'2015-03-16 00:00:00',2,7,0,6,NULL,NULL),(270,'2015-03-16 00:00:00',2,6,0,6,NULL,NULL),(271,'2015-03-16 00:00:00',2,5,0,6,NULL,NULL),(272,'2015-03-16 00:00:00',2,4,5550,6,NULL,NULL),(273,'2015-03-16 00:00:00',2,3,0,6,NULL,NULL),(274,'2015-03-16 00:00:00',2,2,0,6,NULL,NULL),(275,'2015-03-16 00:00:00',2,11,0,6,NULL,NULL),(276,'2015-03-16 00:00:00',2,28,0,6,NULL,NULL),(277,'2015-03-16 00:00:00',2,17,0,6,NULL,NULL),(278,'2015-03-16 00:00:00',2,18,60000,6,NULL,NULL),(279,'2015-03-16 00:00:00',2,19,90000,6,NULL,NULL),(280,'2015-03-16 00:00:00',2,22,21000,6,NULL,NULL),(281,'2015-03-16 00:00:00',2,23,1000,6,NULL,NULL),(282,'2015-03-16 00:00:00',1,1,11111111111,15,NULL,NULL),(283,'2015-03-16 00:00:00',1,26,0,13,NULL,NULL),(284,'2015-03-16 00:00:00',1,25,0,13,NULL,NULL),(285,'2015-03-16 00:00:00',1,24,0,13,NULL,NULL),(286,'2015-03-16 00:00:00',1,21,0,13,NULL,NULL),(287,'2015-03-16 00:00:00',1,20,0,13,NULL,NULL),(288,'2015-03-16 00:00:00',1,16,0,13,NULL,NULL),(289,'2015-03-16 00:00:00',1,15,0,13,NULL,NULL),(290,'2015-03-16 00:00:00',1,27,0,13,NULL,NULL),(291,'2015-03-16 00:00:00',1,13,0,13,NULL,NULL),(292,'2015-03-16 00:00:00',1,12,0,13,NULL,NULL),(293,'2015-03-16 00:00:00',1,14,0,13,NULL,NULL),(294,'2015-03-16 00:00:00',1,10,0,13,NULL,NULL),(295,'2015-03-16 00:00:00',1,9,0,13,NULL,NULL),(296,'2015-03-16 00:00:00',1,8,0,13,NULL,NULL),(297,'2015-03-16 00:00:00',1,7,0,13,NULL,NULL),(298,'2015-03-16 00:00:00',1,6,0,13,NULL,NULL),(299,'2015-03-16 00:00:00',1,5,0,13,NULL,NULL),(300,'2015-03-16 00:00:00',1,4,5550,13,NULL,NULL),(301,'2015-03-16 00:00:00',1,3,0,13,NULL,NULL),(302,'2015-03-16 00:00:00',1,2,0,13,NULL,NULL),(303,'2015-03-16 00:00:00',1,11,0,13,NULL,NULL),(304,'2015-03-16 00:00:00',1,28,0,13,NULL,NULL),(305,'2015-03-16 00:00:00',1,17,0,13,NULL,NULL),(306,'2015-03-16 00:00:00',1,18,60000,13,NULL,NULL),(307,'2015-03-16 00:00:00',1,19,90000,13,NULL,NULL),(308,'2015-03-16 00:00:00',1,22,21000,13,NULL,NULL),(309,'2015-03-16 00:00:00',1,23,1000,13,NULL,NULL),(310,'2015-03-16 00:00:00',2,1,100000,13,NULL,NULL),(311,'2015-03-16 00:00:00',2,26,0,13,NULL,NULL),(312,'2015-03-16 00:00:00',2,25,0,13,NULL,NULL),(313,'2015-03-16 00:00:00',2,24,0,13,NULL,NULL),(314,'2015-03-16 00:00:00',2,21,0,13,NULL,NULL),(315,'2015-03-16 00:00:00',2,20,0,13,NULL,NULL),(316,'2015-03-16 00:00:00',2,16,0,13,NULL,NULL),(317,'2015-03-16 00:00:00',2,15,0,13,NULL,NULL),(318,'2015-03-16 00:00:00',2,27,0,13,NULL,NULL),(319,'2015-03-16 00:00:00',2,13,0,13,NULL,NULL),(320,'2015-03-16 00:00:00',2,12,0,13,NULL,NULL),(321,'2015-03-16 00:00:00',2,14,0,13,NULL,NULL),(322,'2015-03-16 00:00:00',2,10,0,13,NULL,NULL),(323,'2015-03-16 00:00:00',2,9,0,13,NULL,NULL),(324,'2015-03-16 00:00:00',2,8,0,13,NULL,NULL),(325,'2015-03-16 00:00:00',2,7,0,13,NULL,NULL),(326,'2015-03-16 00:00:00',2,6,0,13,NULL,NULL),(327,'2015-03-16 00:00:00',2,5,0,13,NULL,NULL),(328,'2015-03-16 00:00:00',2,4,5550,13,NULL,NULL),(329,'2015-03-16 00:00:00',2,3,0,13,NULL,NULL),(330,'2015-03-16 00:00:00',2,2,0,13,NULL,NULL),(331,'2015-03-16 00:00:00',2,11,0,13,NULL,NULL),(332,'2015-03-16 00:00:00',2,28,0,13,NULL,NULL),(333,'2015-03-16 00:00:00',2,17,0,13,NULL,NULL),(334,'2015-03-16 00:00:00',2,18,60000,13,NULL,NULL),(335,'2015-03-16 00:00:00',2,19,90000,13,NULL,NULL),(336,'2015-03-16 00:00:00',2,22,21000,13,NULL,NULL),(337,'2015-03-16 00:00:00',2,23,1000,13,NULL,NULL),(338,'2015-03-16 00:00:00',1,1,100000,5,NULL,NULL),(339,'2015-03-16 00:00:00',1,26,0,4,NULL,NULL),(340,'2015-03-16 00:00:00',1,25,0,4,NULL,NULL),(341,'2015-03-16 00:00:00',1,24,0,4,NULL,NULL),(342,'2015-03-16 00:00:00',1,21,0,4,NULL,NULL),(343,'2015-03-16 00:00:00',1,20,0,4,NULL,NULL),(344,'2015-03-16 00:00:00',1,16,0,4,NULL,NULL),(345,'2015-03-16 00:00:00',1,15,0,4,NULL,NULL),(346,'2015-03-16 00:00:00',1,27,0,4,NULL,NULL),(347,'2015-03-16 00:00:00',1,13,0,4,NULL,NULL),(348,'2015-03-16 00:00:00',1,12,0,4,NULL,NULL),(349,'2015-03-16 00:00:00',1,14,0,4,NULL,NULL),(350,'2015-03-16 00:00:00',1,10,0,4,NULL,NULL),(351,'2015-03-16 00:00:00',1,9,0,4,NULL,NULL),(352,'2015-03-16 00:00:00',1,8,0,4,NULL,NULL),(353,'2015-03-16 00:00:00',1,7,0,4,NULL,NULL),(354,'2015-03-16 00:00:00',1,6,0,4,NULL,NULL),(355,'2015-03-16 00:00:00',1,5,0,4,NULL,NULL),(356,'2015-03-16 00:00:00',1,4,5550,4,NULL,NULL),(357,'2015-03-16 00:00:00',1,3,0,4,NULL,NULL),(358,'2015-03-16 00:00:00',1,2,0,4,NULL,NULL),(359,'2015-03-16 00:00:00',1,11,0,4,NULL,NULL),(360,'2015-03-16 00:00:00',1,28,0,4,NULL,NULL),(361,'2015-03-16 00:00:00',1,17,0,4,NULL,NULL),(362,'2015-03-16 00:00:00',1,18,60000,4,NULL,NULL),(363,'2015-03-16 00:00:00',1,19,90000,4,NULL,NULL),(364,'2015-03-16 00:00:00',1,22,21000,4,NULL,NULL),(365,'2015-03-16 00:00:00',1,23,1000,4,NULL,NULL),(366,'2015-03-16 00:00:00',2,1,100000,4,NULL,NULL),(367,'2015-03-16 00:00:00',2,26,0,4,NULL,NULL),(368,'2015-03-16 00:00:00',2,25,0,4,NULL,NULL),(369,'2015-03-16 00:00:00',2,24,0,4,NULL,NULL),(370,'2015-03-16 00:00:00',2,21,0,4,NULL,NULL),(371,'2015-03-16 00:00:00',2,20,0,4,NULL,NULL),(372,'2015-03-16 00:00:00',2,16,0,4,NULL,NULL),(373,'2015-03-16 00:00:00',2,15,0,4,NULL,NULL),(374,'2015-03-16 00:00:00',2,27,0,4,NULL,NULL),(375,'2015-03-16 00:00:00',2,13,0,4,NULL,NULL),(376,'2015-03-16 00:00:00',2,12,0,4,NULL,NULL),(377,'2015-03-16 00:00:00',2,14,0,4,NULL,NULL),(378,'2015-03-16 00:00:00',2,10,0,4,NULL,NULL),(379,'2015-03-16 00:00:00',2,9,0,4,NULL,NULL),(380,'2015-03-16 00:00:00',2,8,0,4,NULL,NULL),(381,'2015-03-16 00:00:00',2,7,0,4,NULL,NULL),(382,'2015-03-16 00:00:00',2,6,0,4,NULL,NULL),(383,'2015-03-16 00:00:00',2,5,0,4,NULL,NULL),(384,'2015-03-16 00:00:00',2,4,5550,4,NULL,NULL),(385,'2015-03-16 00:00:00',2,3,0,4,NULL,NULL),(386,'2015-03-16 00:00:00',2,2,0,4,NULL,NULL),(387,'2015-03-16 00:00:00',2,11,0,4,NULL,NULL),(388,'2015-03-16 00:00:00',2,28,0,4,NULL,NULL),(389,'2015-03-16 00:00:00',2,17,0,4,NULL,NULL),(390,'2015-03-16 00:00:00',2,18,60000,4,NULL,NULL),(391,'2015-03-16 00:00:00',2,19,90000,4,NULL,NULL),(392,'2015-03-16 00:00:00',2,22,21000,4,NULL,NULL),(393,'2015-03-16 00:00:00',2,23,1000,4,NULL,NULL),(394,'2015-03-16 00:00:00',1,1,500000,1,NULL,NULL),(395,'2015-03-16 00:00:00',1,26,500000,0,NULL,NULL),(396,'2015-03-16 00:00:00',1,25,500000,0,NULL,NULL),(397,'2015-03-16 00:00:00',1,24,500000,0,NULL,NULL),(398,'2015-03-16 00:00:00',1,21,500000,0,NULL,NULL),(399,'2015-03-16 00:00:00',1,20,500000,0,NULL,NULL),(400,'2015-03-16 00:00:00',1,16,500000,0,NULL,NULL),(401,'2015-03-16 00:00:00',1,15,500000,0,NULL,NULL),(402,'2015-03-16 00:00:00',1,27,500000,0,NULL,NULL),(403,'2015-03-16 00:00:00',1,13,500000,0,NULL,NULL),(404,'2015-03-16 00:00:00',1,12,500000,0,NULL,NULL),(405,'2015-03-16 00:00:00',1,14,500000,0,NULL,NULL),(406,'2015-03-16 00:00:00',1,10,500000,0,NULL,NULL),(407,'2015-03-16 00:00:00',1,9,500000,0,NULL,NULL),(408,'2015-03-16 00:00:00',1,8,500000,0,NULL,NULL),(409,'2015-03-16 00:00:00',1,7,500000,0,NULL,NULL),(410,'2015-03-16 00:00:00',1,6,500000,0,NULL,NULL),(411,'2015-03-16 00:00:00',1,5,500000,0,NULL,NULL),(412,'2015-03-16 00:00:00',1,4,500000,0,NULL,NULL),(413,'2015-03-16 00:00:00',1,3,500000,0,NULL,NULL),(414,'2015-03-16 00:00:00',1,2,500000,0,NULL,NULL),(415,'2015-03-16 00:00:00',1,11,500000,0,NULL,NULL),(416,'2015-03-16 00:00:00',1,28,500000,0,NULL,NULL),(417,'2015-03-16 00:00:00',1,17,500000,0,NULL,NULL),(418,'2015-03-16 00:00:00',1,18,500000,0,NULL,NULL),(419,'2015-03-16 00:00:00',1,19,500000,0,NULL,NULL),(420,'2015-03-16 00:00:00',1,22,500000,0,NULL,NULL),(421,'2015-03-16 00:00:00',1,23,500000,0,NULL,NULL),(422,'2015-03-16 00:00:00',2,1,500000,0,NULL,NULL),(423,'2015-03-16 00:00:00',2,26,500000,0,NULL,NULL),(424,'2015-03-16 00:00:00',2,25,500000,0,NULL,NULL),(425,'2015-03-16 00:00:00',2,24,500000,0,NULL,NULL),(426,'2015-03-16 00:00:00',2,21,500000,0,NULL,NULL),(427,'2015-03-16 00:00:00',2,20,500000,0,NULL,NULL),(428,'2015-03-16 00:00:00',2,16,500000,0,NULL,NULL),(429,'2015-03-16 00:00:00',2,15,500000,0,NULL,NULL),(430,'2015-03-16 00:00:00',2,27,500000,0,NULL,NULL),(431,'2015-03-16 00:00:00',2,13,500000,0,NULL,NULL),(432,'2015-03-16 00:00:00',2,12,500000,0,NULL,NULL),(433,'2015-03-16 00:00:00',2,14,500000,0,NULL,NULL),(434,'2015-03-16 00:00:00',2,10,500000,0,NULL,NULL),(435,'2015-03-16 00:00:00',2,9,500000,0,NULL,NULL),(436,'2015-03-16 00:00:00',2,8,500000,0,NULL,NULL),(437,'2015-03-16 00:00:00',2,7,500000,0,NULL,NULL),(438,'2015-03-16 00:00:00',2,6,500000,0,NULL,NULL),(439,'2015-03-16 00:00:00',2,5,500000,0,NULL,NULL),(440,'2015-03-16 00:00:00',2,4,500000,0,NULL,NULL),(441,'2015-03-16 00:00:00',2,3,500000,0,NULL,NULL),(442,'2015-03-16 00:00:00',2,2,500000,0,NULL,NULL),(443,'2015-03-16 00:00:00',2,11,500000,0,NULL,NULL),(444,'2015-03-16 00:00:00',2,28,500000,0,NULL,NULL),(445,'2015-03-16 00:00:00',2,17,500000,0,NULL,NULL),(446,'2015-03-16 00:00:00',2,18,500000,0,NULL,NULL),(447,'2015-03-16 00:00:00',2,19,500000,0,NULL,NULL),(448,'2015-03-16 00:00:00',2,22,500000,0,NULL,NULL),(449,'2015-03-16 00:00:00',2,23,500000,0,NULL,NULL),(450,'2015-03-16 00:00:00',1,1,100000,1,NULL,NULL),(451,'2015-03-16 00:00:00',1,26,0,0,NULL,NULL),(452,'2015-03-16 00:00:00',1,25,0,0,NULL,NULL),(453,'2015-03-16 00:00:00',1,24,0,0,NULL,NULL),(454,'2015-03-16 00:00:00',1,21,0,0,NULL,NULL),(455,'2015-03-16 00:00:00',1,20,0,0,NULL,NULL),(456,'2015-03-16 00:00:00',1,16,0,0,NULL,NULL),(457,'2015-03-16 00:00:00',1,15,0,0,NULL,NULL),(458,'2015-03-16 00:00:00',1,27,0,0,NULL,NULL),(459,'2015-03-16 00:00:00',1,13,0,0,NULL,NULL),(460,'2015-03-16 00:00:00',1,12,0,0,NULL,NULL),(461,'2015-03-16 00:00:00',1,14,0,0,NULL,NULL),(462,'2015-03-16 00:00:00',1,10,0,0,NULL,NULL),(463,'2015-03-16 00:00:00',1,9,0,0,NULL,NULL),(464,'2015-03-16 00:00:00',1,8,0,0,NULL,NULL),(465,'2015-03-16 00:00:00',1,7,0,0,NULL,NULL),(466,'2015-03-16 00:00:00',1,6,0,0,NULL,NULL),(467,'2015-03-16 00:00:00',1,5,0,0,NULL,NULL),(468,'2015-03-16 00:00:00',1,4,5550,0,NULL,NULL),(469,'2015-03-16 00:00:00',1,3,0,0,NULL,NULL),(470,'2015-03-16 00:00:00',1,2,0,0,NULL,NULL),(471,'2015-03-16 00:00:00',1,11,500000,0,NULL,NULL),(472,'2015-03-16 00:00:00',1,28,0,0,NULL,NULL),(473,'2015-03-16 00:00:00',1,17,0,0,NULL,NULL),(474,'2015-03-16 00:00:00',1,18,60000,0,NULL,NULL),(475,'2015-03-16 00:00:00',1,19,90000,0,NULL,NULL),(476,'2015-03-16 00:00:00',1,22,21000,0,NULL,NULL),(477,'2015-03-16 00:00:00',1,23,1000,0,NULL,NULL),(478,'2015-03-16 00:00:00',2,1,100000,0,NULL,NULL),(479,'2015-03-16 00:00:00',2,26,0,0,NULL,NULL),(480,'2015-03-16 00:00:00',2,25,0,0,NULL,NULL),(481,'2015-03-16 00:00:00',2,24,0,0,NULL,NULL),(482,'2015-03-16 00:00:00',2,21,0,0,NULL,NULL),(483,'2015-03-16 00:00:00',2,20,0,0,NULL,NULL),(484,'2015-03-16 00:00:00',2,16,0,0,NULL,NULL),(485,'2015-03-16 00:00:00',2,15,0,0,NULL,NULL),(486,'2015-03-16 00:00:00',2,27,0,0,NULL,NULL),(487,'2015-03-16 00:00:00',2,13,0,0,NULL,NULL),(488,'2015-03-16 00:00:00',2,12,0,0,NULL,NULL),(489,'2015-03-16 00:00:00',2,14,0,0,NULL,NULL),(490,'2015-03-16 00:00:00',2,10,0,0,NULL,NULL),(491,'2015-03-16 00:00:00',2,9,0,0,NULL,NULL),(492,'2015-03-16 00:00:00',2,8,0,0,NULL,NULL),(493,'2015-03-16 00:00:00',2,7,0,0,NULL,NULL),(494,'2015-03-16 00:00:00',2,6,0,0,NULL,NULL),(495,'2015-03-16 00:00:00',2,5,0,0,NULL,NULL),(496,'2015-03-16 00:00:00',2,4,5550,0,NULL,NULL),(497,'2015-03-16 00:00:00',2,3,0,0,NULL,NULL),(498,'2015-03-16 00:00:00',2,2,0,0,NULL,NULL),(499,'2015-03-16 00:00:00',2,11,500000,0,NULL,NULL),(500,'2015-03-16 00:00:00',2,28,0,0,NULL,NULL),(501,'2015-03-16 00:00:00',2,17,0,0,NULL,NULL),(502,'2015-03-16 00:00:00',2,18,60000,0,NULL,NULL),(503,'2015-03-16 00:00:00',2,19,90000,0,NULL,NULL),(504,'2015-03-16 00:00:00',2,22,21000,0,NULL,NULL),(505,'2015-03-16 00:00:00',2,23,1000,0,NULL,NULL),(506,'2015-03-16 00:00:00',1,1,100000,0,NULL,NULL),(507,'2015-03-16 00:00:00',1,1,100000,0,NULL,NULL),(508,'2015-03-16 00:00:00',1,1,100000,1,NULL,NULL),(509,'2015-03-16 00:00:00',1,26,0,0,NULL,NULL),(510,'2015-03-16 00:00:00',1,25,0,0,NULL,NULL),(511,'2015-03-16 00:00:00',1,24,0,0,NULL,NULL),(512,'2015-03-16 00:00:00',1,21,0,0,NULL,NULL),(513,'2015-03-16 00:00:00',1,20,0,0,NULL,NULL),(514,'2015-03-16 00:00:00',1,16,0,0,NULL,NULL),(515,'2015-03-16 00:00:00',1,15,0,0,NULL,NULL),(516,'2015-03-16 00:00:00',1,27,0,0,NULL,NULL),(517,'2015-03-16 00:00:00',1,13,0,0,NULL,NULL),(518,'2015-03-16 00:00:00',1,12,0,0,NULL,NULL),(519,'2015-03-16 00:00:00',1,14,0,0,NULL,NULL),(520,'2015-03-16 00:00:00',1,10,0,0,NULL,NULL),(521,'2015-03-16 00:00:00',1,9,0,0,NULL,NULL),(522,'2015-03-16 00:00:00',1,7,0,0,NULL,NULL),(523,'2015-03-16 00:00:00',1,6,0,0,NULL,NULL),(524,'2015-03-16 00:00:00',1,5,0,0,NULL,NULL),(525,'2015-03-16 00:00:00',1,4,5550,0,NULL,NULL),(526,'2015-03-16 00:00:00',1,3,0,0,NULL,NULL),(527,'2015-03-16 00:00:00',1,2,0,0,NULL,NULL),(528,'2015-03-16 00:00:00',1,11,500000,0,NULL,NULL),(529,'2015-03-16 00:00:00',1,28,0,0,NULL,NULL),(530,'2015-03-16 00:00:00',1,17,0,0,NULL,NULL),(531,'2015-03-16 00:00:00',1,8,23000,0,NULL,NULL),(532,'2015-03-16 00:00:00',1,18,60000,0,NULL,NULL),(533,'2015-03-16 00:00:00',1,19,90000,0,NULL,NULL),(534,'2015-03-16 00:00:00',1,22,21000,0,NULL,NULL),(535,'2015-03-16 00:00:00',1,23,1000,0,NULL,NULL),(536,'2015-03-16 00:00:00',2,1,100000,0,NULL,NULL),(537,'2015-03-16 00:00:00',2,26,0,0,NULL,NULL),(538,'2015-03-16 00:00:00',2,25,0,0,NULL,NULL),(539,'2015-03-16 00:00:00',2,24,0,0,NULL,NULL),(540,'2015-03-16 00:00:00',2,21,0,0,NULL,NULL),(541,'2015-03-16 00:00:00',2,20,0,0,NULL,NULL),(542,'2015-03-16 00:00:00',2,16,0,0,NULL,NULL),(543,'2015-03-16 00:00:00',2,15,0,0,NULL,NULL),(544,'2015-03-16 00:00:00',2,27,0,0,NULL,NULL),(545,'2015-03-16 00:00:00',2,13,0,0,NULL,NULL),(546,'2015-03-16 00:00:00',2,12,0,0,NULL,NULL),(547,'2015-03-16 00:00:00',2,14,0,0,NULL,NULL),(548,'2015-03-16 00:00:00',2,10,0,0,NULL,NULL),(549,'2015-03-16 00:00:00',2,9,0,0,NULL,NULL),(550,'2015-03-16 00:00:00',2,7,0,0,NULL,NULL),(551,'2015-03-16 00:00:00',2,6,0,0,NULL,NULL),(552,'2015-03-16 00:00:00',2,5,0,0,NULL,NULL),(553,'2015-03-16 00:00:00',2,4,5550,0,NULL,NULL),(554,'2015-03-16 00:00:00',2,3,0,0,NULL,NULL),(555,'2015-03-16 00:00:00',2,2,0,0,NULL,NULL),(556,'2015-03-16 00:00:00',2,11,500000,0,NULL,NULL),(557,'2015-03-16 00:00:00',2,28,0,0,NULL,NULL),(558,'2015-03-16 00:00:00',2,17,0,0,NULL,NULL),(559,'2015-03-16 00:00:00',2,8,23000,0,NULL,NULL),(560,'2015-03-16 00:00:00',2,18,60000,0,NULL,NULL),(561,'2015-03-16 00:00:00',2,19,90000,0,NULL,NULL),(562,'2015-03-16 00:00:00',2,22,21000,0,NULL,NULL),(563,'2015-03-16 00:00:00',2,23,1000,0,NULL,NULL),(564,'2015-03-16 00:00:00',1,1,100000,1,NULL,NULL),(565,'2015-03-16 00:00:00',1,26,0,0,NULL,NULL),(566,'2015-03-16 00:00:00',1,25,0,0,NULL,NULL),(567,'2015-03-16 00:00:00',1,24,0,0,NULL,NULL),(568,'2015-03-16 00:00:00',1,21,0,0,NULL,NULL),(569,'2015-03-16 00:00:00',1,20,0,0,NULL,NULL),(570,'2015-03-16 00:00:00',1,16,0,0,NULL,NULL),(571,'2015-03-16 00:00:00',1,15,0,0,NULL,NULL),(572,'2015-03-16 00:00:00',1,27,0,0,NULL,NULL),(573,'2015-03-16 00:00:00',1,13,0,0,NULL,NULL),(574,'2015-03-16 00:00:00',1,12,0,0,NULL,NULL),(575,'2015-03-16 00:00:00',1,14,0,0,NULL,NULL),(576,'2015-03-16 00:00:00',1,10,0,0,NULL,NULL),(577,'2015-03-16 00:00:00',1,9,0,0,NULL,NULL),(578,'2015-03-16 00:00:00',1,7,0,0,NULL,NULL),(579,'2015-03-16 00:00:00',1,6,0,0,NULL,NULL),(580,'2015-03-16 00:00:00',1,5,0,0,NULL,NULL),(581,'2015-03-16 00:00:00',1,4,5550,0,NULL,NULL),(582,'2015-03-16 00:00:00',1,3,0,0,NULL,NULL),(583,'2015-03-16 00:00:00',1,2,0,0,NULL,NULL),(584,'2015-03-16 00:00:00',1,11,500000,0,NULL,NULL),(585,'2015-03-16 00:00:00',1,28,0,0,NULL,NULL),(586,'2015-03-16 00:00:00',1,17,0,0,NULL,NULL),(587,'2015-03-16 00:00:00',1,18,60000,0,NULL,NULL),(588,'2015-03-16 00:00:00',1,19,90000,0,NULL,NULL),(589,'2015-03-16 00:00:00',1,22,21000,0,NULL,NULL),(590,'2015-03-16 00:00:00',1,8,23000,0,NULL,NULL),(591,'2015-03-16 00:00:00',1,23,100000000,0,NULL,NULL),(592,'2015-03-16 00:00:00',2,1,100000,0,NULL,NULL),(593,'2015-03-16 00:00:00',2,26,0,0,NULL,NULL),(594,'2015-03-16 00:00:00',2,25,0,0,NULL,NULL),(595,'2015-03-16 00:00:00',2,24,0,0,NULL,NULL),(596,'2015-03-16 00:00:00',2,21,0,0,NULL,NULL),(597,'2015-03-16 00:00:00',2,20,0,0,NULL,NULL),(598,'2015-03-16 00:00:00',2,16,0,0,NULL,NULL),(599,'2015-03-16 00:00:00',2,15,0,0,NULL,NULL),(600,'2015-03-16 00:00:00',2,27,0,0,NULL,NULL),(601,'2015-03-16 00:00:00',2,13,0,0,NULL,NULL),(602,'2015-03-16 00:00:00',2,12,0,0,NULL,NULL),(603,'2015-03-16 00:00:00',2,14,0,0,NULL,NULL),(604,'2015-03-16 00:00:00',2,10,0,0,NULL,NULL),(605,'2015-03-16 00:00:00',2,9,0,0,NULL,NULL),(606,'2015-03-16 00:00:00',2,7,0,0,NULL,NULL),(607,'2015-03-16 00:00:00',2,6,0,0,NULL,NULL),(608,'2015-03-16 00:00:00',2,5,0,0,NULL,NULL),(609,'2015-03-16 00:00:00',2,4,5550,0,NULL,NULL),(610,'2015-03-16 00:00:00',2,3,0,0,NULL,NULL),(611,'2015-03-16 00:00:00',2,2,0,0,NULL,NULL),(612,'2015-03-16 00:00:00',2,11,500000,0,NULL,NULL),(613,'2015-03-16 00:00:00',2,28,0,0,NULL,NULL),(614,'2015-03-16 00:00:00',2,17,0,0,NULL,NULL),(615,'2015-03-16 00:00:00',2,18,60000,0,NULL,NULL),(616,'2015-03-16 00:00:00',2,19,90000,0,NULL,NULL),(617,'2015-03-16 00:00:00',2,22,21000,0,NULL,NULL),(618,'2015-03-16 00:00:00',2,8,23000,0,NULL,NULL),(619,'2015-03-16 00:00:00',2,23,100000000,0,NULL,NULL);
/*!40000 ALTER TABLE `chitiettienluong` ENABLE KEYS */;
UNLOCK TABLES;

--
-- Table structure for table `competence`
--

DROP TABLE IF EXISTS `competence`;
/*!40101 SET @saved_cs_client     = @@character_set_client */;
/*!40101 SET character_set_client = utf8 */;
CREATE TABLE `competence` (
  `OID` int(11) NOT NULL AUTO_INCREMENT,
  `CompetenceID` varchar(100) DEFAULT NULL,
  `CompetenceName` varchar(100) DEFAULT NULL,
  `Allowance` varchar(100) DEFAULT NULL,
  `OptimisticLockField` int(11) DEFAULT NULL,
  `GCRecord` int(11) DEFAULT NULL,
  `LuongCB` varchar(100) DEFAULT NULL,
  PRIMARY KEY (`OID`),
  UNIQUE KEY `iCompetenceID_Competence` (`CompetenceID`),
  KEY `iGCRecord_Competence` (`GCRecord`)
) ENGINE=InnoDB AUTO_INCREMENT=18 DEFAULT CHARSET=utf8;
/*!40101 SET character_set_client = @saved_cs_client */;

--
-- Dumping data for table `competence`
--

LOCK TABLES `competence` WRITE;
/*!40000 ALTER TABLE `competence` DISABLE KEYS */;
INSERT INTO `competence` VALUES (1,'CV1','Giám Đốc','1000000',0,NULL,NULL),(13,'CV2','Phó Giám Đốc','700000',1,NULL,NULL),(14,'CV3','Nhân Viên','500000',0,NULL,NULL),(16,'CV4','Trợ Lý','300000',0,NULL,NULL),(17,'CV5','Lao Công','100000',0,NULL,NULL);
/*!40000 ALTER TABLE `competence` ENABLE KEYS */;
UNLOCK TABLES;

--
-- Table structure for table `danhmucca`
--

DROP TABLE IF EXISTS `danhmucca`;
/*!40101 SET @saved_cs_client     = @@character_set_client */;
/*!40101 SET character_set_client = utf8 */;
CREATE TABLE `danhmucca` (
  `OID` int(11) NOT NULL AUTO_INCREMENT,
  `MauHienThiCa` int(11) DEFAULT NULL,
  `TenCa` varchar(100) DEFAULT NULL,
  `MoTa` varchar(100) DEFAULT NULL,
  `OptimisticLockField` int(11) DEFAULT NULL,
  `GCRecord` int(11) DEFAULT NULL,
  PRIMARY KEY (`OID`),
  KEY `iGCRecord_DanhMucCa` (`GCRecord`)
) ENGINE=InnoDB AUTO_INCREMENT=4 DEFAULT CHARSET=utf8;
/*!40101 SET character_set_client = @saved_cs_client */;

--
-- Dumping data for table `danhmucca`
--

LOCK TABLES `danhmucca` WRITE;
/*!40000 ALTER TABLE `danhmucca` DISABLE KEYS */;
INSERT INTO `danhmucca` VALUES (1,-3745296,'Ca 1',NULL,2,NULL),(2,-860965,'Ca 2',NULL,1,NULL),(3,-4727320,'Ca 3',NULL,0,NULL);
/*!40000 ALTER TABLE `danhmucca` ENABLE KEYS */;
UNLOCK TABLES;

--
-- Table structure for table `danhmucmaungaynghile`
--

DROP TABLE IF EXISTS `danhmucmaungaynghile`;
/*!40101 SET @saved_cs_client     = @@character_set_client */;
/*!40101 SET character_set_client = utf8 */;
CREATE TABLE `danhmucmaungaynghile` (
  `OID` int(11) NOT NULL AUTO_INCREMENT,
  `MauHienThi` int(11) DEFAULT NULL,
  `TenNgayNghi` varchar(100) DEFAULT NULL,
  `OptimisticLockField` int(11) DEFAULT NULL,
  `GCRecord` int(11) DEFAULT NULL,
  PRIMARY KEY (`OID`),
  UNIQUE KEY `iTenNgayNghi_DanhMucMauNgayNghiLe` (`TenNgayNghi`),
  KEY `iGCRecord_DanhMucMauNgayNghiLe` (`GCRecord`)
) ENGINE=InnoDB AUTO_INCREMENT=3 DEFAULT CHARSET=utf8;
/*!40101 SET character_set_client = @saved_cs_client */;

--
-- Dumping data for table `danhmucmaungaynghile`
--

LOCK TABLES `danhmucmaungaynghile` WRITE;
/*!40000 ALTER TABLE `danhmucmaungaynghile` DISABLE KEYS */;
INSERT INTO `danhmucmaungaynghile` VALUES (1,-11566659,'Nghĩ Phép',0,NULL),(2,-551354,'Nghĩ Không Phép',0,NULL);
/*!40000 ALTER TABLE `danhmucmaungaynghile` ENABLE KEYS */;
UNLOCK TABLES;

--
-- Table structure for table `easyparam`
--

DROP TABLE IF EXISTS `easyparam`;
/*!40101 SET @saved_cs_client     = @@character_set_client */;
/*!40101 SET character_set_client = utf8 */;
CREATE TABLE `easyparam` (
  `ID` int(11) NOT NULL AUTO_INCREMENT,
  `LastUpdated` datetime DEFAULT NULL,
  `UpdatedBy` varchar(128) DEFAULT NULL,
  `ParamCode` varchar(100) DEFAULT NULL,
  `Value` varchar(100) DEFAULT NULL,
  `ValueType` int(11) DEFAULT NULL,
  `AllowChange` bit(1) DEFAULT NULL,
  `ParamCategory` int(11) DEFAULT NULL,
  `OptimisticLockField` int(11) DEFAULT NULL,
  `GCRecord` int(11) DEFAULT NULL,
  PRIMARY KEY (`ID`),
  KEY `iGCRecord_EasyParam` (`GCRecord`)
) ENGINE=InnoDB DEFAULT CHARSET=utf8;
/*!40101 SET character_set_client = @saved_cs_client */;

--
-- Dumping data for table `easyparam`
--

LOCK TABLES `easyparam` WRITE;
/*!40000 ALTER TABLE `easyparam` DISABLE KEYS */;
/*!40000 ALTER TABLE `easyparam` ENABLE KEYS */;
UNLOCK TABLES;

--
-- Table structure for table `employee`
--

DROP TABLE IF EXISTS `employee`;
/*!40101 SET @saved_cs_client     = @@character_set_client */;
/*!40101 SET character_set_client = utf8 */;
CREATE TABLE `employee` (
  `OID` int(11) NOT NULL AUTO_INCREMENT,
  `MaNhanVien` varchar(100) DEFAULT NULL,
  `Ho` varchar(100) DEFAULT NULL,
  `Ten` varchar(100) DEFAULT NULL,
  `TenTiengNhat` varchar(100) DEFAULT NULL,
  `iGioiTinh` varchar(100) DEFAULT NULL,
  `Anh` longblob,
  `NgaySinh` datetime DEFAULT NULL,
  `NoiSinh` varchar(100) DEFAULT NULL,
  `SoCMND` varchar(100) DEFAULT NULL,
  `NgayCapCMND` datetime DEFAULT NULL,
  `NoiCapCMND` varchar(100) DEFAULT NULL,
  `DiaChiThuongTru` varchar(100) DEFAULT NULL,
  `DiaChiTamTru` varchar(100) DEFAULT NULL,
  `SoDienThoai` varchar(100) DEFAULT NULL,
  `SoTaiKhoan` varchar(100) DEFAULT NULL,
  `TonGiao` int(11) DEFAULT NULL,
  `ChucVu` int(11) DEFAULT NULL,
  `NgayVaoLam` datetime DEFAULT NULL,
  `SoBHXH` varchar(100) DEFAULT NULL,
  `NgayVaoBHXH` datetime DEFAULT NULL,
  `HopDong` int(11) DEFAULT NULL,
  `LuongCoBan` double DEFAULT NULL,
  `ChiNhanh` int(11) DEFAULT NULL,
  `TinhTrangHopDong` varchar(100) DEFAULT NULL,
  `LuongDongBHXH` varchar(100) DEFAULT NULL,
  `OptimisticLockField` int(11) DEFAULT NULL,
  `GCRecord` int(11) DEFAULT NULL,
  PRIMARY KEY (`OID`),
  UNIQUE KEY `iMaNhanVien_Employee` (`MaNhanVien`),
  KEY `iGCRecord_Employee` (`GCRecord`),
  KEY `iTonGiao_Employee` (`TonGiao`),
  KEY `iChucVu_Employee` (`ChucVu`),
  KEY `iHopDong_Employee` (`HopDong`),
  KEY `iChiNhanh_Employee` (`ChiNhanh`),
  CONSTRAINT `FK_Employee_ChiNhanh` FOREIGN KEY (`ChiNhanh`) REFERENCES `branch` (`OID`),
  CONSTRAINT `FK_Employee_ChucVu` FOREIGN KEY (`ChucVu`) REFERENCES `competence` (`OID`),
  CONSTRAINT `FK_Employee_HopDong` FOREIGN KEY (`HopDong`) REFERENCES `laborcontract` (`OID`),
  CONSTRAINT `FK_Employee_TonGiao` FOREIGN KEY (`TonGiao`) REFERENCES `religion` (`OID`)
) ENGINE=InnoDB AUTO_INCREMENT=3 DEFAULT CHARSET=utf8;
/*!40101 SET character_set_client = @saved_cs_client */;

--
-- Dumping data for table `employee`
--

LOCK TABLES `employee` WRITE;
/*!40000 ALTER TABLE `employee` DISABLE KEYS */;
INSERT INTO `employee` VALUES (1,'DN001','Võ Hoài','Phương',NULL,'Nam',NULL,'1994-02-11 00:00:00',NULL,NULL,NULL,NULL,NULL,NULL,'01694610618',NULL,1,1,NULL,NULL,NULL,3,2500000,1,'Hợp đồng có thời hạn','100000',6,NULL),(2,'HCM001','Lê','Tiến',NULL,'Nam',NULL,'1994-04-02 00:00:00',NULL,NULL,NULL,NULL,NULL,NULL,NULL,NULL,2,13,NULL,NULL,NULL,NULL,2500000,2,NULL,'100000',0,NULL);
/*!40000 ALTER TABLE `employee` ENABLE KEYS */;
UNLOCK TABLES;

--
-- Table structure for table `giatridulieuchamcongtheoca`
--

DROP TABLE IF EXISTS `giatridulieuchamcongtheoca`;
/*!40101 SET @saved_cs_client     = @@character_set_client */;
/*!40101 SET character_set_client = utf8 */;
CREATE TABLE `giatridulieuchamcongtheoca` (
  `OID` int(11) NOT NULL AUTO_INCREMENT,
  `Ca` int(11) DEFAULT NULL,
  `LoaiDLChamCong` int(11) DEFAULT NULL,
  `GiaTri` varchar(100) DEFAULT NULL,
  `OptimisticLockField` int(11) DEFAULT NULL,
  `GCRecord` int(11) DEFAULT NULL,
  PRIMARY KEY (`OID`),
  KEY `iGCRecord_GiaTriDuLieuChamCongTheoCa` (`GCRecord`),
  KEY `iCa_GiaTriDuLieuChamCongTheoCa` (`Ca`),
  KEY `iLoaiDLChamCong_GiaTriDuLieuChamCongTheoCa` (`LoaiDLChamCong`),
  CONSTRAINT `FK_GiaTriDuLieuChamCongTheoCa_Ca` FOREIGN KEY (`Ca`) REFERENCES `danhmucca` (`OID`),
  CONSTRAINT `FK_GiaTriDuLieuChamCongTheoCa_LoaiDLChamCong` FOREIGN KEY (`LoaiDLChamCong`) REFERENCES `loaidulieuchamcong` (`OID`)
) ENGINE=InnoDB AUTO_INCREMENT=15 DEFAULT CHARSET=utf8;
/*!40101 SET character_set_client = @saved_cs_client */;

--
-- Dumping data for table `giatridulieuchamcongtheoca`
--

LOCK TABLES `giatridulieuchamcongtheoca` WRITE;
/*!40000 ALTER TABLE `giatridulieuchamcongtheoca` DISABLE KEYS */;
INSERT INTO `giatridulieuchamcongtheoca` VALUES (1,1,1,'1/1/0001 7:00:00 AM',4,NULL),(3,1,2,'4/17/2015 5:00:00 PM',0,NULL),(4,1,3,'8',0,NULL),(5,2,1,'4/17/2015 5:00:00 PM',1,NULL),(6,2,2,'4/17/2015 12:00:00 AM',0,NULL),(7,2,3,'6',0,NULL),(8,1,4,'2',0,NULL),(9,2,5,'3',0,NULL),(10,1,5,'0',2,NULL),(11,2,4,'2',0,NULL),(12,3,1,'4/18/2015 7:30:00 AM',0,NULL),(13,3,2,'4/18/2015 5:00:00 PM',0,NULL),(14,3,3,'8',0,NULL);
/*!40000 ALTER TABLE `giatridulieuchamcongtheoca` ENABLE KEYS */;
UNLOCK TABLES;

--
-- Table structure for table `giatritienluongtheochucvu`
--

DROP TABLE IF EXISTS `giatritienluongtheochucvu`;
/*!40101 SET @saved_cs_client     = @@character_set_client */;
/*!40101 SET character_set_client = utf8 */;
CREATE TABLE `giatritienluongtheochucvu` (
  `OID` int(11) NOT NULL AUTO_INCREMENT,
  `ChucVu` int(11) DEFAULT NULL,
  `MucTienLuong` int(11) DEFAULT NULL,
  `GiaTri` double DEFAULT NULL,
  `OptimisticLockField` int(11) DEFAULT NULL,
  `GCRecord` int(11) DEFAULT NULL,
  PRIMARY KEY (`OID`),
  KEY `iGCRecord_GiaTriTienLuongTheoChucVu` (`GCRecord`),
  KEY `iChucVu_GiaTriTienLuongTheoChucVu` (`ChucVu`),
  KEY `iMucTienLuong_GiaTriTienLuongTheoChucVu` (`MucTienLuong`),
  CONSTRAINT `FK_GiaTriTienLuongTheoChucVu_ChucVu` FOREIGN KEY (`ChucVu`) REFERENCES `competence` (`OID`),
  CONSTRAINT `FK_GiaTriTienLuongTheoChucVu_MucTienLuong` FOREIGN KEY (`MucTienLuong`) REFERENCES `loaidulieutinhluong` (`OID`)
) ENGINE=InnoDB AUTO_INCREMENT=5 DEFAULT CHARSET=utf8;
/*!40101 SET character_set_client = @saved_cs_client */;

--
-- Dumping data for table `giatritienluongtheochucvu`
--

LOCK TABLES `giatritienluongtheochucvu` WRITE;
/*!40000 ALTER TABLE `giatritienluongtheochucvu` DISABLE KEYS */;
INSERT INTO `giatritienluongtheochucvu` VALUES (1,13,1,100000,4,NULL),(2,1,1,1000000,6,NULL),(3,1,4,5550,1,NULL),(4,13,4,4440,0,NULL);
/*!40000 ALTER TABLE `giatritienluongtheochucvu` ENABLE KEYS */;
UNLOCK TABLES;

--
-- Table structure for table `laborcontract`
--

DROP TABLE IF EXISTS `laborcontract`;
/*!40101 SET @saved_cs_client     = @@character_set_client */;
/*!40101 SET character_set_client = utf8 */;
CREATE TABLE `laborcontract` (
  `OID` int(11) NOT NULL AUTO_INCREMENT,
  `MaHopDong` varchar(100) DEFAULT NULL,
  `LoaiHopDong` varchar(100) DEFAULT NULL,
  `NgayKy` datetime DEFAULT NULL,
  `NgayHetHan` datetime DEFAULT NULL,
  `NhanVien` int(11) DEFAULT NULL,
  `iNhanVien` int(11) DEFAULT NULL,
  `ChucVu` int(11) DEFAULT NULL,
  `LuongCoBan` double DEFAULT NULL,
  `OptimisticLockField` int(11) DEFAULT NULL,
  `GCRecord` int(11) DEFAULT NULL,
  PRIMARY KEY (`OID`),
  UNIQUE KEY `iMaHopDong_LaborContract` (`MaHopDong`),
  KEY `iGCRecord_LaborContract` (`GCRecord`),
  KEY `iNhanVien_LaborContract` (`NhanVien`),
  KEY `iiNhanVien_LaborContract` (`iNhanVien`),
  KEY `iChucVu_LaborContract` (`ChucVu`),
  CONSTRAINT `FK_LaborContract_ChucVu` FOREIGN KEY (`ChucVu`) REFERENCES `competence` (`OID`),
  CONSTRAINT `FK_LaborContract_NhanVien` FOREIGN KEY (`NhanVien`) REFERENCES `employee` (`OID`),
  CONSTRAINT `FK_LaborContract_iNhanVien` FOREIGN KEY (`iNhanVien`) REFERENCES `employee` (`OID`)
) ENGINE=InnoDB AUTO_INCREMENT=4 DEFAULT CHARSET=utf8;
/*!40101 SET character_set_client = @saved_cs_client */;

--
-- Dumping data for table `laborcontract`
--

LOCK TABLES `laborcontract` WRITE;
/*!40000 ALTER TABLE `laborcontract` DISABLE KEYS */;
INSERT INTO `laborcontract` VALUES (1,'001','Hợp đồng có thời hạn','2015-04-01 00:00:00','2015-04-30 00:00:00',NULL,1,1,2500000,0,NULL),(2,'0001','Hợp đồng có thời hạn','2015-04-01 00:00:00','2015-04-30 00:00:00',NULL,1,1,2500000,0,NULL),(3,'2','Hợp đồng có thời hạn','2015-04-01 00:00:00','2015-04-30 00:00:00',NULL,1,1,2500000,0,NULL);
/*!40000 ALTER TABLE `laborcontract` ENABLE KEYS */;
UNLOCK TABLES;

--
-- Table structure for table `loaidulieuchamcong`
--

DROP TABLE IF EXISTS `loaidulieuchamcong`;
/*!40101 SET @saved_cs_client     = @@character_set_client */;
/*!40101 SET character_set_client = utf8 */;
CREATE TABLE `loaidulieuchamcong` (
  `OID` int(11) NOT NULL AUTO_INCREMENT,
  `GhiChu` varchar(100) DEFAULT NULL,
  `MauHienThiDuong` int(11) DEFAULT NULL,
  `MauHienThiAm` int(11) DEFAULT NULL,
  `LoaiChamCong` varchar(100) DEFAULT NULL,
  `KieuDuLieu` varchar(100) DEFAULT NULL,
  `DuLieuMacDinh` varchar(100) DEFAULT NULL,
  `OptimisticLockField` int(11) DEFAULT NULL,
  `GCRecord` int(11) DEFAULT NULL,
  `TinhTong` varchar(100) DEFAULT NULL,
  `DonViTong` varchar(100) DEFAULT NULL,
  PRIMARY KEY (`OID`),
  UNIQUE KEY `iLoaiChamCong_LoaiDuLieuChamCong` (`LoaiChamCong`),
  KEY `iGCRecord_LoaiDuLieuChamCong` (`GCRecord`)
) ENGINE=InnoDB AUTO_INCREMENT=6 DEFAULT CHARSET=utf8;
/*!40101 SET character_set_client = @saved_cs_client */;

--
-- Dumping data for table `loaidulieuchamcong`
--

LOCK TABLES `loaidulieuchamcong` WRITE;
/*!40000 ALTER TABLE `loaidulieuchamcong` DISABLE KEYS */;
INSERT INTO `loaidulieuchamcong` VALUES (1,NULL,-1119007,-14726787,'Thời Gian Vào','DateTime','4/11/2015 7:00:00 AM',4,NULL,'Tổng','Ngày'),(2,NULL,-4173747,-860965,'Thời Gian Ra','DateTime','4/11/2015 5:00:00 PM',1,NULL,'Tổng Âm',NULL),(3,NULL,-136486,-551354,'Tổng Thời Gian Làm','Int','8',2,NULL,'Tổng','Giờ'),(4,NULL,0,0,'Tăng Ca 1.0','Int','0',2,NULL,'Tổng','Giờ'),(5,NULL,0,0,'Tăng Ca 1.0 + 1.3','Int',NULL,3,NULL,'Tổng','Giờ');
/*!40000 ALTER TABLE `loaidulieuchamcong` ENABLE KEYS */;
UNLOCK TABLES;

--
-- Table structure for table `loaidulieutinhluong`
--

DROP TABLE IF EXISTS `loaidulieutinhluong`;
/*!40101 SET @saved_cs_client     = @@character_set_client */;
/*!40101 SET character_set_client = utf8 */;
CREATE TABLE `loaidulieutinhluong` (
  `OID` int(11) NOT NULL AUTO_INCREMENT,
  `TenLoaiDuLieu` varchar(100) DEFAULT NULL,
  `NhomDuLieu` varchar(100) DEFAULT NULL,
  `GiaTriMacDinh` varchar(100) DEFAULT NULL,
  `LoaiDLChamCong` int(11) DEFAULT NULL,
  `CongThuc` varchar(100) DEFAULT NULL,
  `OptimisticLockField` int(11) DEFAULT NULL,
  `GCRecord` int(11) DEFAULT NULL,
  `NhomChucVu` bit(1) DEFAULT NULL,
  `STT` bigint(20) DEFAULT NULL,
  `TinhTong` varchar(100) DEFAULT NULL,
  PRIMARY KEY (`OID`),
  UNIQUE KEY `iTenLoaiDuLieu_LoaiDuLieuTinhLuong` (`TenLoaiDuLieu`),
  KEY `iGCRecord_LoaiDuLieuTinhLuong` (`GCRecord`),
  KEY `iLoaiDLChamCong_LoaiDuLieuTinhLuong` (`LoaiDLChamCong`),
  CONSTRAINT `FK_LoaiDuLieuTinhLuong_LoaiDLChamCong` FOREIGN KEY (`LoaiDLChamCong`) REFERENCES `loaidulieuchamcong` (`OID`)
) ENGINE=InnoDB AUTO_INCREMENT=29 DEFAULT CHARSET=utf8;
/*!40101 SET character_set_client = @saved_cs_client */;

--
-- Dumping data for table `loaidulieutinhluong`
--

LOCK TABLES `loaidulieutinhluong` WRITE;
/*!40000 ALTER TABLE `loaidulieutinhluong` DISABLE KEYS */;
INSERT INTO `loaidulieutinhluong` VALUES (1,'Lương Cơ Bản','Chức Vụ',NULL,NULL,NULL,2,NULL,'',NULL,NULL),(2,'Số Ngày Làm Việc Trong Tháng',NULL,NULL,NULL,NULL,0,NULL,NULL,NULL,NULL),(3,'Số Giờ Làm Việc Trong Tháng',NULL,NULL,NULL,NULL,0,NULL,NULL,NULL,NULL),(4,'Trợ Cấp Chức Vụ','Chức Vụ',NULL,NULL,NULL,3,NULL,'',NULL,NULL),(5,'Chuyên Cần','Phụ Cấp',NULL,NULL,NULL,1,NULL,NULL,NULL,NULL),(6,'Cơm Thường','Chức Vụ',NULL,NULL,NULL,3,NULL,'',NULL,NULL),(7,'Cơm Tăng Ca','Tăng Ca',NULL,NULL,NULL,2,NULL,NULL,NULL,NULL),(8,'Tăng Ca 1.5','Tăng Ca','0.23',4,'[this] * [Lương Cơ Bản] ',4,NULL,'\0',NULL,NULL),(9,'Tăng Ca 2.0','Tăng Ca',NULL,NULL,NULL,1,NULL,NULL,NULL,NULL),(10,'Tăng Ca 2.0 + 1.3',NULL,NULL,NULL,NULL,0,NULL,NULL,NULL,NULL),(11,'Tạm Ứng',NULL,NULL,NULL,NULL,1,NULL,NULL,NULL,NULL),(12,'Tăng Ca 3.0',NULL,NULL,NULL,NULL,0,NULL,NULL,NULL,NULL),(13,'Tăng Ca 3.0 + 1.3',NULL,NULL,NULL,NULL,0,NULL,NULL,NULL,NULL),(14,'Độc Hại',NULL,NULL,NULL,NULL,0,NULL,NULL,NULL,NULL),(15,'Đi Công Tác (Về, Trọ)','Chức Vụ',NULL,NULL,NULL,2,NULL,'',NULL,NULL),(16,'Chi Phí Đi Lại','Chức Vụ',NULL,NULL,NULL,1,NULL,NULL,NULL,NULL),(17,'Phụ Cấp Khác',NULL,NULL,NULL,'',1,NULL,'\0',NULL,NULL),(18,'Bảo Hiểm Công Ty Trả',NULL,'0.6',NULL,'[this] * [Lương Cơ Bản]',6,NULL,'\0',NULL,NULL),(19,'Công Đoàn Công Ty Trả',NULL,'0.9',NULL,'[this] * [Lương Cơ Bản]',6,NULL,'\0',NULL,NULL),(20,'Khấu Trừ / Vắng Mặt',NULL,NULL,NULL,NULL,0,NULL,NULL,NULL,NULL),(21,'Tổng Số Tiền',NULL,NULL,NULL,NULL,1,NULL,'\0',100000,NULL),(22,'Bảo Hiểm Cá Nhân Đóng',NULL,'0.21',NULL,'[this] * [Lương Cơ Bản]',5,NULL,'\0',NULL,NULL),(23,'Công Đoàn Cá Nhân Đóng',NULL,'0.01',NULL,'[this] * [Lương Cơ Bản] * [Lương Cơ Bản]',7,NULL,'\0',NULL,NULL),(24,'Tổng Thu Nhập',NULL,NULL,NULL,NULL,1,NULL,'\0',10000,NULL),(25,'Bảo Hiểm + Đồng Phục',NULL,NULL,NULL,NULL,0,NULL,NULL,NULL,NULL),(26,'Tác Phong',NULL,NULL,NULL,NULL,0,NULL,NULL,NULL,NULL),(27,'Khoản Trừ 3% 5%',NULL,NULL,NULL,NULL,0,NULL,NULL,NULL,NULL),(28,'Tổng Thực Lãnh',NULL,NULL,NULL,NULL,1,NULL,'\0',1000000,NULL);
/*!40000 ALTER TABLE `loaidulieutinhluong` ENABLE KEYS */;
UNLOCK TABLES;

--
-- Table structure for table `publicholiday`
--

DROP TABLE IF EXISTS `publicholiday`;
/*!40101 SET @saved_cs_client     = @@character_set_client */;
/*!40101 SET character_set_client = utf8 */;
CREATE TABLE `publicholiday` (
  `OID` int(11) NOT NULL AUTO_INCREMENT,
  `PublicHolidayName` varchar(100) DEFAULT NULL,
  `PublicHolidayStart` datetime DEFAULT NULL,
  `PublicHolidayEnd` datetime DEFAULT NULL,
  `MauHienThi` int(11) DEFAULT NULL,
  `PublicHolidayDescription` varchar(100) DEFAULT NULL,
  `OptimisticLockField` int(11) DEFAULT NULL,
  `GCRecord` int(11) DEFAULT NULL,
  PRIMARY KEY (`OID`),
  KEY `iGCRecord_PublicHoliday` (`GCRecord`)
) ENGINE=InnoDB AUTO_INCREMENT=3 DEFAULT CHARSET=utf8;
/*!40101 SET character_set_client = @saved_cs_client */;

--
-- Dumping data for table `publicholiday`
--

LOCK TABLES `publicholiday` WRITE;
/*!40000 ALTER TABLE `publicholiday` DISABLE KEYS */;
INSERT INTO `publicholiday` VALUES (1,'Lễ 30 - 4','2015-04-27 00:00:00','2015-05-03 00:00:00',-2365967,NULL,2,NULL),(2,'Lễ 2 - 9','2015-09-01 00:00:00','2015-09-03 00:00:00',-551354,NULL,1,NULL);
/*!40000 ALTER TABLE `publicholiday` ENABLE KEYS */;
UNLOCK TABLES;

--
-- Table structure for table `quanlyngaynghi`
--

DROP TABLE IF EXISTS `quanlyngaynghi`;
/*!40101 SET @saved_cs_client     = @@character_set_client */;
/*!40101 SET character_set_client = utf8 */;
CREATE TABLE `quanlyngaynghi` (
  `OID` int(11) NOT NULL AUTO_INCREMENT,
  `NhanVien` int(11) DEFAULT NULL,
  `NgayBatDau` datetime DEFAULT NULL,
  `NgayKetThuc` datetime DEFAULT NULL,
  `LoaiNgayNghi` int(11) DEFAULT NULL,
  `OptimisticLockField` int(11) DEFAULT NULL,
  `GCRecord` int(11) DEFAULT NULL,
  PRIMARY KEY (`OID`),
  UNIQUE KEY `iNgayBatDau_QuanLyNgayNghi` (`NgayBatDau`),
  KEY `iGCRecord_QuanLyNgayNghi` (`GCRecord`),
  KEY `iNhanVien_QuanLyNgayNghi` (`NhanVien`),
  KEY `iLoaiNgayNghi_QuanLyNgayNghi` (`LoaiNgayNghi`),
  CONSTRAINT `FK_QuanLyNgayNghi_LoaiNgayNghi` FOREIGN KEY (`LoaiNgayNghi`) REFERENCES `danhmucmaungaynghile` (`OID`),
  CONSTRAINT `FK_QuanLyNgayNghi_NhanVien` FOREIGN KEY (`NhanVien`) REFERENCES `employee` (`OID`)
) ENGINE=InnoDB AUTO_INCREMENT=2 DEFAULT CHARSET=utf8;
/*!40101 SET character_set_client = @saved_cs_client */;

--
-- Dumping data for table `quanlyngaynghi`
--

LOCK TABLES `quanlyngaynghi` WRITE;
/*!40000 ALTER TABLE `quanlyngaynghi` DISABLE KEYS */;
INSERT INTO `quanlyngaynghi` VALUES (1,2,'2015-04-16 00:00:00','2015-04-17 00:00:00',1,2,NULL);
/*!40000 ALTER TABLE `quanlyngaynghi` ENABLE KEYS */;
UNLOCK TABLES;

--
-- Table structure for table `religion`
--

DROP TABLE IF EXISTS `religion`;
/*!40101 SET @saved_cs_client     = @@character_set_client */;
/*!40101 SET character_set_client = utf8 */;
CREATE TABLE `religion` (
  `OID` int(11) NOT NULL AUTO_INCREMENT,
  `ReligionID` varchar(100) DEFAULT NULL,
  `ReligionName` varchar(100) DEFAULT NULL,
  `OptimisticLockField` int(11) DEFAULT NULL,
  `GCRecord` int(11) DEFAULT NULL,
  PRIMARY KEY (`OID`),
  UNIQUE KEY `iReligionID_Religion` (`ReligionID`),
  KEY `iGCRecord_Religion` (`GCRecord`)
) ENGINE=InnoDB AUTO_INCREMENT=4 DEFAULT CHARSET=utf8;
/*!40101 SET character_set_client = @saved_cs_client */;

--
-- Dumping data for table `religion`
--

LOCK TABLES `religion` WRITE;
/*!40000 ALTER TABLE `religion` DISABLE KEYS */;
INSERT INTO `religion` VALUES (1,'TG1','Phật Giáo',0,NULL),(2,'TG2','Thiên Chúa Giáo',0,NULL),(3,'TG3','Hồi Giáo',0,NULL);
/*!40000 ALTER TABLE `religion` ENABLE KEYS */;
UNLOCK TABLES;

--
-- Table structure for table `user`
--

DROP TABLE IF EXISTS `user`;
/*!40101 SET @saved_cs_client     = @@character_set_client */;
/*!40101 SET character_set_client = utf8 */;
CREATE TABLE `user` (
  `OID` int(11) NOT NULL AUTO_INCREMENT,
  `username` varchar(100) DEFAULT NULL,
  `password` varchar(100) DEFAULT NULL,
  `view_user` bit(1) DEFAULT NULL,
  `edit_user` bit(1) DEFAULT NULL,
  `view_employee` bit(1) DEFAULT NULL,
  `edit_employee` bit(1) DEFAULT NULL,
  `OptimisticLockField` int(11) DEFAULT NULL,
  `GCRecord` int(11) DEFAULT NULL,
  PRIMARY KEY (`OID`),
  KEY `iGCRecord_User` (`GCRecord`)
) ENGINE=InnoDB DEFAULT CHARSET=utf8;
/*!40101 SET character_set_client = @saved_cs_client */;

--
-- Dumping data for table `user`
--

LOCK TABLES `user` WRITE;
/*!40000 ALTER TABLE `user` DISABLE KEYS */;
/*!40000 ALTER TABLE `user` ENABLE KEYS */;
UNLOCK TABLES;

--
-- Table structure for table `xepca`
--

DROP TABLE IF EXISTS `xepca`;
/*!40101 SET @saved_cs_client     = @@character_set_client */;
/*!40101 SET character_set_client = utf8 */;
CREATE TABLE `xepca` (
  `OID` int(11) NOT NULL AUTO_INCREMENT,
  `Ngay` datetime DEFAULT NULL,
  `NhanVien` int(11) DEFAULT NULL,
  `Ca` int(11) DEFAULT NULL,
  `OptimisticLockField` int(11) DEFAULT NULL,
  `GCRecord` int(11) DEFAULT NULL,
  PRIMARY KEY (`OID`),
  KEY `iGCRecord_XepCa` (`GCRecord`),
  KEY `iNhanVien_XepCa` (`NhanVien`),
  KEY `iCa_XepCa` (`Ca`),
  CONSTRAINT `FK_XepCa_Ca` FOREIGN KEY (`Ca`) REFERENCES `danhmucca` (`OID`),
  CONSTRAINT `FK_XepCa_NhanVien` FOREIGN KEY (`NhanVien`) REFERENCES `employee` (`OID`)
) ENGINE=InnoDB AUTO_INCREMENT=241 DEFAULT CHARSET=utf8;
/*!40101 SET character_set_client = @saved_cs_client */;

--
-- Dumping data for table `xepca`
--

LOCK TABLES `xepca` WRITE;
/*!40000 ALTER TABLE `xepca` DISABLE KEYS */;
INSERT INTO `xepca` VALUES (1,'2015-04-01 00:00:00',2,2,12,NULL),(2,'2015-04-02 00:00:00',2,2,12,NULL),(3,'2015-04-03 00:00:00',2,2,12,NULL),(4,'2015-04-04 00:00:00',2,2,12,NULL),(5,'2015-04-05 00:00:00',2,2,12,NULL),(6,'2015-04-06 00:00:00',2,2,12,NULL),(7,'2015-04-07 00:00:00',2,2,12,NULL),(8,'2015-04-08 00:00:00',2,2,12,NULL),(9,'2015-04-09 00:00:00',2,2,12,NULL),(10,'2015-04-10 00:00:00',2,2,12,NULL),(11,'2015-04-11 00:00:00',2,2,12,NULL),(12,'2015-04-12 00:00:00',2,2,12,NULL),(13,'2015-04-13 00:00:00',2,2,12,NULL),(14,'2015-04-14 00:00:00',2,2,12,NULL),(15,'2015-04-15 00:00:00',2,2,12,NULL),(16,'2015-04-16 00:00:00',2,2,12,NULL),(17,'2015-04-17 00:00:00',2,2,12,NULL),(18,'2015-04-18 00:00:00',2,2,12,NULL),(19,'2015-04-19 00:00:00',2,2,12,NULL),(20,'2015-04-20 00:00:00',2,2,12,NULL),(21,'2015-04-21 00:00:00',2,2,12,NULL),(22,'2015-04-22 00:00:00',2,2,12,NULL),(23,'2015-04-23 00:00:00',2,2,12,NULL),(24,'2015-04-24 00:00:00',2,2,12,NULL),(25,'2015-04-25 00:00:00',2,2,12,NULL),(26,'2015-04-26 00:00:00',2,2,12,NULL),(27,'2015-04-27 00:00:00',2,2,12,NULL),(28,'2015-04-28 00:00:00',2,2,12,NULL),(29,'2015-04-29 00:00:00',2,2,12,NULL),(30,'2015-04-30 00:00:00',2,2,12,NULL),(31,'2015-04-01 00:00:00',1,1,11,NULL),(32,'2015-04-02 00:00:00',1,1,11,NULL),(33,'2015-04-03 00:00:00',1,1,11,NULL),(34,'2015-04-04 00:00:00',1,1,11,NULL),(35,'2015-04-05 00:00:00',1,1,11,NULL),(36,'2015-04-06 00:00:00',1,1,11,NULL),(37,'2015-04-07 00:00:00',1,1,11,NULL),(38,'2015-04-08 00:00:00',1,1,11,NULL),(39,'2015-04-09 00:00:00',1,1,11,NULL),(40,'2015-04-10 00:00:00',1,1,11,NULL),(41,'2015-04-11 00:00:00',1,1,11,NULL),(42,'2015-04-12 00:00:00',1,1,11,NULL),(43,'2015-04-13 00:00:00',1,1,11,NULL),(44,'2015-04-14 00:00:00',1,1,11,NULL),(45,'2015-04-15 00:00:00',1,1,11,NULL),(46,'2015-04-16 00:00:00',1,1,11,NULL),(47,'2015-04-17 00:00:00',1,1,11,NULL),(48,'2015-04-18 00:00:00',1,1,11,NULL),(49,'2015-04-19 00:00:00',1,1,11,NULL),(50,'2015-04-20 00:00:00',1,1,11,NULL),(51,'2015-04-21 00:00:00',1,1,11,NULL),(52,'2015-04-22 00:00:00',1,1,11,NULL),(53,'2015-04-23 00:00:00',1,1,11,NULL),(54,'2015-04-24 00:00:00',1,1,11,NULL),(55,'2015-04-25 00:00:00',1,1,11,NULL),(56,'2015-04-26 00:00:00',1,1,11,NULL),(57,'2015-04-27 00:00:00',1,1,11,NULL),(58,'2015-04-28 00:00:00',1,1,11,NULL),(59,'2015-04-29 00:00:00',1,1,11,NULL),(60,'2015-04-30 00:00:00',1,1,11,NULL),(61,'2015-03-01 00:00:00',2,3,10,NULL),(62,'2015-03-01 00:00:00',1,3,10,NULL),(63,'2015-03-02 00:00:00',2,3,10,NULL),(64,'2015-03-02 00:00:00',1,3,10,NULL),(65,'2015-03-03 00:00:00',2,3,10,NULL),(66,'2015-03-03 00:00:00',1,3,10,NULL),(67,'2015-03-04 00:00:00',2,3,10,NULL),(68,'2015-03-04 00:00:00',1,3,10,NULL),(69,'2015-03-05 00:00:00',2,3,10,NULL),(70,'2015-03-05 00:00:00',1,3,10,NULL),(71,'2015-03-06 00:00:00',2,3,10,NULL),(72,'2015-03-06 00:00:00',1,3,10,NULL),(73,'2015-03-07 00:00:00',2,3,10,NULL),(74,'2015-03-07 00:00:00',1,3,10,NULL),(75,'2015-03-08 00:00:00',2,3,10,NULL),(76,'2015-03-08 00:00:00',1,3,10,NULL),(77,'2015-03-09 00:00:00',2,3,10,NULL),(78,'2015-03-09 00:00:00',1,3,10,NULL),(79,'2015-03-10 00:00:00',2,3,10,NULL),(80,'2015-03-10 00:00:00',1,3,10,NULL),(81,'2015-03-11 00:00:00',2,3,10,NULL),(82,'2015-03-11 00:00:00',1,3,10,NULL),(83,'2015-03-12 00:00:00',2,3,10,NULL),(84,'2015-03-12 00:00:00',1,3,10,NULL),(85,'2015-03-13 00:00:00',2,3,10,NULL),(86,'2015-03-13 00:00:00',1,3,10,NULL),(87,'2015-03-14 00:00:00',2,3,10,NULL),(88,'2015-03-14 00:00:00',1,3,10,NULL),(89,'2015-03-15 00:00:00',2,3,10,NULL),(90,'2015-03-15 00:00:00',1,3,10,NULL),(91,'2015-03-16 00:00:00',2,3,10,NULL),(92,'2015-03-16 00:00:00',1,3,10,NULL),(93,'2015-03-17 00:00:00',2,3,10,NULL),(94,'2015-03-17 00:00:00',1,3,10,NULL),(95,'2015-03-18 00:00:00',2,3,10,NULL),(96,'2015-03-18 00:00:00',1,3,10,NULL),(97,'2015-03-19 00:00:00',2,3,10,NULL),(98,'2015-03-19 00:00:00',1,3,10,NULL),(99,'2015-03-20 00:00:00',2,3,10,NULL),(100,'2015-03-20 00:00:00',1,3,10,NULL),(101,'2015-03-21 00:00:00',2,3,10,NULL),(102,'2015-03-21 00:00:00',1,3,10,NULL),(103,'2015-03-22 00:00:00',2,3,10,NULL),(104,'2015-03-22 00:00:00',1,3,10,NULL),(105,'2015-03-23 00:00:00',2,3,10,NULL),(106,'2015-03-23 00:00:00',1,3,10,NULL),(107,'2015-03-24 00:00:00',2,3,10,NULL),(108,'2015-03-24 00:00:00',1,3,10,NULL),(109,'2015-03-25 00:00:00',2,3,10,NULL),(110,'2015-03-25 00:00:00',1,3,10,NULL),(111,'2015-03-26 00:00:00',2,3,10,NULL),(112,'2015-03-26 00:00:00',1,3,10,NULL),(113,'2015-03-27 00:00:00',2,3,10,NULL),(114,'2015-03-27 00:00:00',1,3,10,NULL),(115,'2015-03-28 00:00:00',2,3,10,NULL),(116,'2015-03-28 00:00:00',1,3,10,NULL),(117,'2015-03-29 00:00:00',2,3,10,NULL),(118,'2015-03-29 00:00:00',1,3,10,NULL),(119,'2015-03-30 00:00:00',2,3,10,NULL),(120,'2015-03-30 00:00:00',1,3,10,NULL),(121,'2015-03-31 00:00:00',2,3,10,NULL),(122,'2015-03-31 00:00:00',1,3,10,NULL),(123,'2015-05-01 00:00:00',2,1,4,NULL),(124,'2015-05-02 00:00:00',2,1,4,NULL),(125,'2015-05-03 00:00:00',2,1,4,NULL),(126,'2015-05-04 00:00:00',2,1,4,NULL),(127,'2015-05-05 00:00:00',2,1,4,NULL),(128,'2015-05-06 00:00:00',2,1,4,NULL),(129,'2015-05-07 00:00:00',2,1,4,NULL),(130,'2015-05-08 00:00:00',2,1,4,NULL),(131,'2015-05-09 00:00:00',2,1,4,NULL),(132,'2015-05-10 00:00:00',2,1,4,NULL),(133,'2015-05-11 00:00:00',2,1,4,NULL),(134,'2015-05-12 00:00:00',2,1,4,NULL),(135,'2015-05-13 00:00:00',2,1,4,NULL),(136,'2015-05-14 00:00:00',2,1,4,NULL),(137,'2015-05-15 00:00:00',2,1,4,NULL),(138,'2015-05-16 00:00:00',2,1,4,NULL),(139,'2015-05-17 00:00:00',2,1,4,NULL),(140,'2015-05-18 00:00:00',2,1,4,NULL),(141,'2015-05-19 00:00:00',2,1,4,NULL),(142,'2015-05-20 00:00:00',2,1,4,NULL),(143,'2015-05-21 00:00:00',2,1,4,NULL),(144,'2015-05-22 00:00:00',2,1,4,NULL),(145,'2015-05-23 00:00:00',2,1,4,NULL),(146,'2015-05-24 00:00:00',2,1,4,NULL),(147,'2015-05-25 00:00:00',2,1,4,NULL),(148,'2015-05-26 00:00:00',2,1,4,NULL),(149,'2015-05-27 00:00:00',2,1,4,NULL),(150,'2015-05-28 00:00:00',2,1,4,NULL),(151,'2015-05-29 00:00:00',2,1,4,NULL),(152,'2015-05-30 00:00:00',2,1,4,NULL),(153,'2015-05-31 00:00:00',2,1,4,NULL),(154,'2015-05-01 00:00:00',1,2,3,NULL),(155,'2015-05-02 00:00:00',1,2,3,NULL),(156,'2015-05-03 00:00:00',1,2,3,NULL),(157,'2015-05-04 00:00:00',1,2,3,NULL),(158,'2015-05-05 00:00:00',1,2,3,NULL),(159,'2015-05-06 00:00:00',1,2,3,NULL),(160,'2015-05-07 00:00:00',1,2,3,NULL),(161,'2015-05-08 00:00:00',1,2,3,NULL),(162,'2015-05-09 00:00:00',1,2,3,NULL),(163,'2015-05-10 00:00:00',1,2,3,NULL),(164,'2015-05-11 00:00:00',1,2,3,NULL),(165,'2015-05-12 00:00:00',1,2,3,NULL),(166,'2015-05-13 00:00:00',1,2,3,NULL),(167,'2015-05-14 00:00:00',1,2,3,NULL),(168,'2015-05-15 00:00:00',1,2,3,NULL),(169,'2015-05-16 00:00:00',1,2,3,NULL),(170,'2015-05-17 00:00:00',1,2,3,NULL),(171,'2015-05-18 00:00:00',1,2,3,NULL),(172,'2015-05-19 00:00:00',1,2,3,NULL),(173,'2015-05-20 00:00:00',1,2,3,NULL),(174,'2015-05-21 00:00:00',1,2,3,NULL),(175,'2015-05-22 00:00:00',1,2,3,NULL),(176,'2015-05-23 00:00:00',1,2,3,NULL),(177,'2015-05-24 00:00:00',1,2,3,NULL),(178,'2015-05-25 00:00:00',1,2,3,NULL),(179,'2015-05-26 00:00:00',1,2,3,NULL),(180,'2015-05-27 00:00:00',1,2,3,NULL),(181,'2015-05-28 00:00:00',1,2,3,NULL),(182,'2015-05-29 00:00:00',1,2,3,NULL),(183,'2015-05-30 00:00:00',1,2,3,NULL),(184,'2015-05-31 00:00:00',1,2,3,NULL),(185,'2015-02-01 00:00:00',1,1,1,NULL),(186,'2015-02-02 00:00:00',1,1,1,NULL),(187,'2015-02-03 00:00:00',1,1,1,NULL),(188,'2015-02-04 00:00:00',1,1,1,NULL),(189,'2015-02-05 00:00:00',1,1,1,NULL),(190,'2015-02-06 00:00:00',1,1,1,NULL),(191,'2015-02-07 00:00:00',1,1,1,NULL),(192,'2015-02-08 00:00:00',1,1,1,NULL),(193,'2015-02-09 00:00:00',1,1,1,NULL),(194,'2015-02-10 00:00:00',1,1,1,NULL),(195,'2015-02-11 00:00:00',1,1,1,NULL),(196,'2015-02-12 00:00:00',1,1,1,NULL),(197,'2015-02-13 00:00:00',1,1,1,NULL),(198,'2015-02-14 00:00:00',1,1,1,NULL),(199,'2015-02-15 00:00:00',1,1,1,NULL),(200,'2015-02-16 00:00:00',1,1,1,NULL),(201,'2015-02-17 00:00:00',1,1,1,NULL),(202,'2015-02-18 00:00:00',1,1,1,NULL),(203,'2015-02-19 00:00:00',1,1,1,NULL),(204,'2015-02-20 00:00:00',1,1,1,NULL),(205,'2015-02-21 00:00:00',1,1,1,NULL),(206,'2015-02-22 00:00:00',1,1,1,NULL),(207,'2015-02-23 00:00:00',1,1,1,NULL),(208,'2015-02-24 00:00:00',1,1,1,NULL),(209,'2015-02-25 00:00:00',1,1,1,NULL),(210,'2015-02-26 00:00:00',1,1,1,NULL),(211,'2015-02-27 00:00:00',1,1,1,NULL),(212,'2015-02-28 00:00:00',1,1,1,NULL),(213,'2015-02-01 00:00:00',2,2,0,NULL),(214,'2015-02-02 00:00:00',2,2,0,NULL),(215,'2015-02-03 00:00:00',2,2,0,NULL),(216,'2015-02-04 00:00:00',2,2,0,NULL),(217,'2015-02-05 00:00:00',2,2,0,NULL),(218,'2015-02-06 00:00:00',2,2,0,NULL),(219,'2015-02-07 00:00:00',2,2,0,NULL),(220,'2015-02-08 00:00:00',2,2,0,NULL),(221,'2015-02-09 00:00:00',2,2,0,NULL),(222,'2015-02-10 00:00:00',2,2,0,NULL),(223,'2015-02-11 00:00:00',2,2,0,NULL),(224,'2015-02-12 00:00:00',2,2,0,NULL),(225,'2015-02-13 00:00:00',2,2,0,NULL),(226,'2015-02-14 00:00:00',2,2,0,NULL),(227,'2015-02-15 00:00:00',2,2,0,NULL),(228,'2015-02-16 00:00:00',2,2,0,NULL),(229,'2015-02-17 00:00:00',2,2,0,NULL),(230,'2015-02-18 00:00:00',2,2,0,NULL),(231,'2015-02-19 00:00:00',2,2,0,NULL),(232,'2015-02-20 00:00:00',2,2,0,NULL),(233,'2015-02-21 00:00:00',2,2,0,NULL),(234,'2015-02-22 00:00:00',2,2,0,NULL),(235,'2015-02-23 00:00:00',2,2,0,NULL),(236,'2015-02-24 00:00:00',2,2,0,NULL),(237,'2015-02-25 00:00:00',2,2,0,NULL),(238,'2015-02-26 00:00:00',2,2,0,NULL),(239,'2015-02-27 00:00:00',2,2,0,NULL),(240,'2015-02-28 00:00:00',2,2,0,NULL);
/*!40000 ALTER TABLE `xepca` ENABLE KEYS */;
UNLOCK TABLES;

--
-- Table structure for table `xpobjecttype`
--

DROP TABLE IF EXISTS `xpobjecttype`;
/*!40101 SET @saved_cs_client     = @@character_set_client */;
/*!40101 SET character_set_client = utf8 */;
CREATE TABLE `xpobjecttype` (
  `OID` int(11) NOT NULL AUTO_INCREMENT,
  `TypeName` varchar(254) DEFAULT NULL,
  `AssemblyName` varchar(254) DEFAULT NULL,
  PRIMARY KEY (`OID`),
  UNIQUE KEY `iTypeName_XPObjectType` (`TypeName`)
) ENGINE=InnoDB AUTO_INCREMENT=18 DEFAULT CHARSET=utf8;
/*!40101 SET character_set_client = @saved_cs_client */;

--
-- Dumping data for table `xpobjecttype`
--

LOCK TABLES `xpobjecttype` WRITE;
/*!40000 ALTER TABLE `xpobjecttype` DISABLE KEYS */;
INSERT INTO `xpobjecttype` VALUES (1,'LeTien.Objects.Branch','LeTien'),(2,'LeTien.Objects.Religion','LeTien'),(3,'LeTien.Objects.Competence','LeTien'),(4,'LeTien.Objects.PublicHoliday','LeTien'),(5,'LeTien.Objects.Employee','LeTien'),(6,'LeTien.Objects.LaborContract','LeTien'),(7,'LeTien.Objects.LoaiDuLieuChamCong','LeTien'),(8,'LeTien.Objects.ChamCong','LeTien'),(9,'LeTien.Objects.QuanLyNgayNghi','LeTien'),(10,'LeTien.Objects.DanhMucMauNgayNghiLe','LeTien'),(11,'LeTien.Objects.AdvancePayment','LeTien'),(12,'LeTien.Objects.LoaiDuLieuTinhLuong','LeTien'),(13,'LeTien.Objects.ChiTietTienLuong','LeTien'),(14,'LeTien.Objects.GiaTriTienLuongTheoChucVu','LeTien'),(15,'LeTien.Objects.DanhMucCa','LeTien'),(16,'LeTien.Objects.GiaTriDuLieuChamCongTheoCa','LeTien'),(17,'LeTien.Objects.XepCa','LeTien');
/*!40000 ALTER TABLE `xpobjecttype` ENABLE KEYS */;
UNLOCK TABLES;

--
-- Dumping events for database 'letien_db'
--

--
-- Dumping routines for database 'letien_db'
--
/*!40103 SET TIME_ZONE=@OLD_TIME_ZONE */;

/*!40101 SET SQL_MODE=@OLD_SQL_MODE */;
/*!40014 SET FOREIGN_KEY_CHECKS=@OLD_FOREIGN_KEY_CHECKS */;
/*!40014 SET UNIQUE_CHECKS=@OLD_UNIQUE_CHECKS */;
/*!40101 SET CHARACTER_SET_CLIENT=@OLD_CHARACTER_SET_CLIENT */;
/*!40101 SET CHARACTER_SET_RESULTS=@OLD_CHARACTER_SET_RESULTS */;
/*!40101 SET COLLATION_CONNECTION=@OLD_COLLATION_CONNECTION */;
/*!40111 SET SQL_NOTES=@OLD_SQL_NOTES */;

-- Dump completed on 2015-04-18 22:14:05
